sdv_game_id,season,game_date,sdv_home_team,sdv_away_team,home_team_id,away_team_id,matchup
401359911,2022,2021-10-30,MIN,DEN,18,,DEN@MIN
401359915,2022,2021-10-31,MIL,UTAH,17,,UTAH@MIL
401359919,2022,2021-11-01,IND,SA,12,,SA@IND
401359921,2022,2021-11-01,ATL,WSH,1,,WSH@ATL
401359923,2022,2021-11-01,NY,TOR,,28,TOR@NY
401359924,2022,2021-11-01,MEM,DEN,15,,DEN@MEM
401359929,2022,2021-11-02,UTAH,SAC,,26,SAC@UTAH
401359930,2022,2021-11-02,PHX,NO,24,,NO@PHX
401359933,2022,2021-11-03,IND,NY,12,,NY@IND
401359936,2022,2021-11-03,WSH,TOR,,28,TOR@WSH
401359938,2022,2021-11-03,MEM,DEN,15,,DEN@MEM
401359940,2022,2021-11-03,SA,DAL,,7,DAL@SA
401359941,2022,2021-11-03,GS,CHA,,4,CHA@GS
401359942,2022,2021-11-03,SAC,NO,26,,NO@SAC
401359944,2022,2021-11-04,ATL,UTAH,1,,UTAH@ATL
401359949,2022,2021-11-05,ORL,SA,22,,SA@ORL
401359950,2022,2021-11-05,WSH,MEM,,15,MEM@WSH
401359952,2022,2021-11-05,MIL,NY,17,,NY@MIL
401359954,2022,2021-11-05,GS,NO,,,NO@GS
401359957,2022,2021-11-06,DEN,HOU,,11,HOU@DEN
401359958,2022,2021-11-06,MIA,UTAH,16,,UTAH@MIA
401359964,2022,2021-11-07,NY,CLE,,6,CLE@NY
401359965,2022,2021-11-07,ORL,UTAH,22,,UTAH@ORL
401359966,2022,2021-11-07,WSH,MIL,,17,MIL@WSH
401359968,2022,2021-11-07,OKC,SA,21,,SA@OKC
401359969,2022,2021-11-07,GS,HOU,,11,HOU@GS
401359971,2022,2021-11-08,PHI,NY,23,,NY@PHI
401359974,2022,2021-11-08,DAL,NO,7,,NO@DAL
401359975,2022,2021-11-08,DEN,MIA,,16,MIA@DEN
401359976,2022,2021-11-08,GS,ATL,,1,ATL@GS
401359980,2022,2021-11-09,UTAH,ATL,,1,ATL@UTAH
401359982,2022,2021-11-10,CLE,WSH,6,,WSH@CLE
401359985,2022,2021-11-10,NY,MIL,,17,MIL@NY
401359989,2022,2021-11-10,NO,OKC,,21,OKC@NO
401359990,2022,2021-11-10,SA,SAC,,26,SAC@SA
401359991,2022,2021-11-10,DEN,IND,,12,IND@DEN
401359993,2022,2021-11-10,GS,MIN,,18,MIN@GS
401359996,2022,2021-11-11,UTAH,IND,,12,IND@UTAH
401359998,2022,2021-11-12,CHA,NY,4,,NY@CHA
401360003,2022,2021-11-12,NO,BKN,,3,BKN@NO
401360005,2022,2021-11-12,SA,DAL,,7,DAL@SA
401360006,2022,2021-11-12,DEN,ATL,,1,ATL@DEN
401360007,2022,2021-11-12,GS,CHI,,5,CHI@GS
401360009,2022,2021-11-13,UTAH,MIA,,16,MIA@UTAH
401360011,2022,2021-11-13,ORL,WSH,22,,WSH@ORL
401360012,2022,2021-11-13,NO,MEM,,15,MEM@NO
401360016,2022,2021-11-14,LAL,SA,14,,SA@LAL
401360018,2022,2021-11-14,CHA,GS,4,,GS@CHA
401360021,2022,2021-11-14,DEN,POR,,25,POR@DEN
401360025,2022,2021-11-15,WSH,NO,,,NO@WSH
401360027,2022,2021-11-15,NY,IND,,12,IND@NY
401360028,2022,2021-11-15,DAL,DEN,7,,DEN@DAL
401360034,2022,2021-11-16,BKN,GS,3,,GS@BKN
401360035,2022,2021-11-16,UTAH,PHI,,23,PHI@UTAH
401360036,2022,2021-11-16,LAC,SA,13,,SA@LAC
401360037,2022,2021-11-17,CHA,WSH,4,,WSH@CHA
401360041,2022,2021-11-17,MIA,NO,16,,NO@MIA
401360042,2022,2021-11-17,NY,ORL,,22,ORL@NY
401360048,2022,2021-11-18,CLE,GS,6,,GS@CLE
401360049,2022,2021-11-18,MIA,WSH,16,,WSH@MIA
401360051,2022,2021-11-18,MIN,SA,18,,SA@MIN
401360052,2022,2021-11-18,DEN,PHI,,23,PHI@DEN
401360053,2022,2021-11-18,UTAH,TOR,,28,TOR@UTAH
401360055,2022,2021-11-19,DET,GS,9,,GS@DET
401360059,2022,2021-11-19,NO,LAC,,13,LAC@NO
401360060,2022,2021-11-19,DEN,CHI,,5,CHI@DEN
401360063,2022,2021-11-20,NY,HOU,,11,HOU@NY
401360064,2022,2021-11-20,IND,NO,12,,NO@IND
401360065,2022,2021-11-20,WSH,MIA,,16,MIA@WSH
401360071,2022,2021-11-20,SAC,UTAH,26,,UTAH@SAC
401360074,2022,2021-11-21,CHI,NY,5,,NY@CHI
401360075,2022,2021-11-21,PHX,DEN,24,,DEN@PHX
401360076,2022,2021-11-21,GS,TOR,,28,TOR@GS
401360078,2022,2021-11-22,WSH,CHA,,4,CHA@WSH
401360083,2022,2021-11-22,NO,MIN,,18,MIN@NO
401360084,2022,2021-11-22,SA,PHX,,24,PHX@SA
401360085,2022,2021-11-22,UTAH,MEM,,15,MEM@UTAH
401360088,2022,2021-11-23,NY,LAL,,14,LAL@NY
401360089,2022,2021-11-23,POR,DEN,25,,DEN@POR
401360099,2022,2021-11-24,NO,WSH,,,WSH@NO
401360100,2022,2021-11-24,OKC,UTAH,21,,UTAH@OKC
401360101,2022,2021-11-24,SA,ATL,,1,ATL@SA
401360102,2022,2021-11-24,GS,PHI,,23,PHI@GS
401360106,2022,2021-11-26,NY,PHX,,24,PHX@NY
401360110,2022,2021-11-26,OKC,WSH,21,,WSH@OKC
401360111,2022,2021-11-26,SA,BOS,,2,BOS@SA
401360112,2022,2021-11-26,DEN,MIL,,17,MIL@DEN
401360113,2022,2021-11-26,UTAH,NO,,,NO@UTAH
401360114,2022,2021-11-26,GS,POR,,25,POR@GS
401360117,2022,2021-11-27,ATL,NY,1,,NY@ATL
401360122,2022,2021-11-27,DAL,WSH,7,,WSH@DAL
401360123,2022,2021-11-27,UTAH,NO,,,NO@UTAH
401360124,2022,2021-11-28,LAC,GS,13,,GS@LAC
401360130,2022,2021-11-29,MIA,DEN,16,,DEN@MIA
401360135,2022,2021-11-29,SA,WSH,,,WSH@SA
401360136,2022,2021-11-29,UTAH,POR,,25,POR@UTAH
401360137,2022,2021-11-29,LAC,NO,13,,NO@LAC
401360138,2022,2021-11-30,BKN,NY,3,,NY@BKN
401360140,2022,2021-11-30,PHX,GS,24,,GS@PHX
401360144,2022,2021-12-01,ORL,DEN,22,,DEN@ORL
401360145,2022,2021-12-01,WSH,MIN,,18,MIN@WSH
401360149,2022,2021-12-01,NO,DAL,,7,DAL@NO
401360152,2022,2021-12-02,NY,CHI,,5,CHI@NY
401360156,2022,2021-12-02,POR,SA,25,,SA@POR
401360158,2022,2021-12-03,WSH,CLE,,6,CLE@WSH
401360162,2022,2021-12-03,DAL,NO,7,,NO@DAL
401360163,2022,2021-12-03,UTAH,BOS,,2,BOS@UTAH
401360164,2022,2021-12-03,GS,PHX,,24,PHX@GS
401360166,2022,2021-12-04,NY,DEN,,,DEN@NY
401360170,2022,2021-12-04,GS,SA,,,SA@GS
401360173,2022,2021-12-05,CLE,UTAH,6,,UTAH@CLE
401360175,2022,2021-12-05,TOR,WSH,28,,WSH@TOR
401360176,2022,2021-12-05,HOU,NO,11,,NO@HOU
401360179,2022,2021-12-06,IND,WSH,12,,WSH@IND
401360181,2022,2021-12-06,CHI,DEN,5,,DEN@CHI
401360184,2022,2021-12-06,PHX,SA,24,,SA@PHX
401360185,2022,2021-12-06,GS,ORL,,22,ORL@GS
401360188,2022,2021-12-07,SA,NY,,,NY@SA
401360192,2022,2021-12-08,DET,WSH,9,,WSH@DET
401360193,2022,2021-12-08,IND,NY,12,,NY@IND
401360198,2022,2021-12-08,MIN,UTAH,18,,UTAH@MIN
401360199,2022,2021-12-08,NO,DEN,,,DEN@NO
401360200,2022,2021-12-08,GS,POR,,25,POR@GS
401360203,2022,2021-12-09,PHI,UTAH,23,,UTAH@PHI
401360205,2022,2021-12-09,SA,DEN,,,DEN@SA
401360209,2022,2021-12-10,TOR,NY,28,,NY@TOR
401360212,2022,2021-12-10,NO,DET,,9,DET@NO
401360216,2022,2021-12-11,WSH,UTAH,,,UTAH@WSH
401360220,2022,2021-12-11,PHI,GS,23,,GS@PHI
401360221,2022,2021-12-11,SA,DEN,,,DEN@SA
401360222,2022,2021-12-12,NY,MIL,,17,MIL@NY
401360225,2022,2021-12-12,SA,NO,,,NO@SA
401360229,2022,2021-12-13,IND,GS,12,,GS@IND
401360235,2022,2021-12-13,DEN,WSH,,,WSH@DEN
401360238,2022,2021-12-14,NY,GS,,,GS@NY
401360246,2022,2021-12-15,OKC,NO,21,,NO@OKC
401360247,2022,2021-12-15,SA,CHA,,4,CHA@SA
401360248,2022,2021-12-15,DEN,MIN,,18,MIN@DEN
401360249,2022,2021-12-15,UTAH,LAC,,13,LAC@UTAH
401360251,2022,2021-12-15,SAC,WSH,26,,WSH@SAC
401360255,2022,2021-12-16,HOU,NY,11,,NY@HOU
401360256,2022,2021-12-16,PHX,WSH,24,,WSH@PHX
401360258,2022,2021-12-17,ATL,DEN,1,,DEN@ATL
401360259,2022,2021-12-17,BOS,GS,2,,GS@BOS
401360261,2022,2021-12-17,UTAH,SA,,,SA@UTAH
401360262,2022,2021-12-17,NO,MIL,,17,MIL@NO
401360267,2022,2021-12-18,TOR,GS,28,,GS@TOR
401360269,2022,2021-12-18,BOS,NY,2,,NY@BOS
401360271,2022,2021-12-18,UTAH,WSH,,,WSH@UTAH
401360275,2022,2021-12-19,SAC,SA,26,,SA@SAC
401360285,2022,2021-12-20,UTAH,CHA,,4,CHA@UTAH
401360286,2022,2021-12-20,GS,SAC,,26,SAC@GS
401360287,2022,2021-12-20,LAC,SA,13,,SA@LAC
401360290,2022,2021-12-21,NY,DET,,9,DET@NY
401360291,2022,2021-12-21,NO,POR,,25,POR@NO
401360298,2022,2021-12-22,OKC,DEN,21,,DEN@OKC
401360301,2022,2021-12-23,ORL,NO,22,,NO@ORL
401360304,2022,2021-12-23,NY,WSH,,,WSH@NY
401360306,2022,2021-12-23,DEN,CHA,,4,CHA@DEN
401360308,2022,2021-12-23,UTAH,MIN,,18,MIN@UTAH
401360309,2022,2021-12-23,GS,MEM,,15,MEM@GS
401360311,2022,2021-12-23,LAL,SA,14,,SA@LAL
401360314,2022,2021-12-26,WSH,PHI,,23,PHI@WSH
401360316,2022,2021-12-26,OKC,NO,21,,NO@OKC
401360317,2022,2021-12-26,SA,DET,,9,DET@SA
401360319,2022,2021-12-26,LAC,DEN,13,,DEN@LAC
401360323,2022,2021-12-27,SA,UTAH,,,UTAH@SA
401360328,2022,2021-12-28,MIA,WSH,16,,WSH@MIA
401360331,2022,2021-12-28,MIN,NY,18,,NY@MIN
401360332,2022,2021-12-28,NO,CLE,,6,CLE@NO
401360333,2022,2021-12-28,GS,DEN,,,DEN@GS
401360335,2022,2021-12-29,DET,NY,9,,NY@DET
401360342,2022,2021-12-29,POR,UTAH,25,,UTAH@POR
401360346,2022,2021-12-30,WSH,CLE,,6,CLE@WSH
401360354,2022,2021-12-31,MEM,SA,15,,SA@MEM
401360355,2022,2021-12-31,OKC,NY,21,,NY@OKC
401360356,2022,2021-12-31,UTAH,MIN,,18,MIN@UTAH
401360358,2022,2022-01-01,MIL,NO,17,,NO@MIL
401360359,2022,2022-01-01,DET,SA,9,,SA@DET
401360360,2022,2022-01-01,WSH,CHI,,5,CHI@WSH
401360362,2022,2022-01-01,HOU,DEN,11,,DEN@HOU
401360363,2022,2022-01-01,UTAH,GS,,,GS@UTAH
401360364,2022,2022-01-02,TOR,NY,28,,NY@TOR
401360372,2022,2022-01-03,WSH,CHA,,4,CHA@WSH
401360376,2022,2022-01-03,NO,UTAH,,,UTAH@NO
401360377,2022,2022-01-03,DAL,DEN,7,,DEN@DAL
401360378,2022,2022-01-03,GS,MIA,,16,MIA@GS
401360382,2022,2022-01-04,TOR,SA,28,,SA@TOR
401360383,2022,2022-01-04,NY,IND,,12,IND@NY
401360384,2022,2022-01-04,NO,PHX,,24,PHX@NO
401360388,2022,2022-01-05,WSH,HOU,,11,HOU@WSH
401360389,2022,2022-01-05,BOS,SA,2,,SA@BOS
401360391,2022,2022-01-05,DAL,GS,7,,GS@DAL
401360394,2022,2022-01-05,DEN,UTAH,,,UTAH@DEN
401360397,2022,2022-01-06,NY,BOS,,2,BOS@NY
401360399,2022,2022-01-06,NO,GS,,,GS@NO
401360401,2022,2022-01-07,PHI,SA,23,,SA@PHI
401360403,2022,2022-01-07,TOR,UTAH,28,,UTAH@TOR
401360404,2022,2022-01-07,CHI,WSH,5,,WSH@CHI
401360407,2022,2022-01-07,DEN,SAC,,26,SAC@DEN
401360413,2022,2022-01-08,IND,UTAH,12,,UTAH@IND
401360414,2022,2022-01-08,BOS,NY,2,,NY@BOS
401360417,2022,2022-01-09,ORL,WSH,22,,WSH@ORL
401360418,2022,2022-01-09,TOR,NO,28,,NO@TOR
401360420,2022,2022-01-09,OKC,DEN,21,,DEN@OKC
401360421,2022,2022-01-09,BKN,SA,3,,SA@BKN
401360423,2022,2022-01-09,GS,CLE,,6,CLE@GS
401360427,2022,2022-01-10,DET,UTAH,9,,UTAH@DET
401360429,2022,2022-01-10,NY,SA,,,SA@NY
401360431,2022,2022-01-11,WSH,OKC,,21,OKC@WSH
401360433,2022,2022-01-11,MEM,GS,15,,GS@MEM
401360434,2022,2022-01-11,NO,MIN,,18,MIN@NO
401360435,2022,2022-01-11,LAC,DEN,13,,DEN@LAC
401360436,2022,2022-01-16,DET,PHX,9,24,PHX@DET
401360439,2022,2022-01-12,WSH,ORL,,22,ORL@WSH
401360441,2022,2022-01-12,NY,DAL,,7,DAL@NY
401360442,2022,2022-01-12,SA,HOU,,11,HOU@SA
401360443,2022,2022-01-12,UTAH,CLE,,6,CLE@UTAH
401360446,2022,2022-01-13,MIL,GS,17,,GS@MIL
401360448,2022,2022-01-13,NO,LAC,,13,LAC@NO
401360450,2022,2022-01-13,DEN,POR,,25,POR@DEN
401360456,2022,2022-01-14,CHI,GS,5,,GS@CHI
401360457,2022,2022-01-14,SA,CLE,,6,CLE@SA
401360461,2022,2022-01-15,WSH,POR,,25,POR@WSH
401360462,2022,2022-01-15,ATL,NY,1,,NY@ATL
401360463,2022,2022-01-15,BKN,NO,3,,NO@BKN
401360467,2022,2022-01-15,SA,LAC,,13,LAC@SA
401360468,2022,2022-01-15,DEN,LAL,,14,LAL@DEN
401360471,2022,2022-01-16,MIN,GS,18,,GS@MIN
401360472,2022,2022-01-16,DEN,UTAH,,,UTAH@DEN
401360473,2022,2022-01-17,BOS,NO,2,,NO@BOS
401360474,2022,2022-01-17,NY,CHA,,4,CHA@NY
401360475,2022,2022-01-17,WSH,PHI,,23,PHI@WSH
401360483,2022,2022-01-17,SA,PHX,,24,PHX@SA
401360484,2022,2022-01-17,LAL,UTAH,14,,UTAH@LAL
401360485,2022,2022-01-18,NY,MIN,,18,MIN@NY
401360486,2022,2022-01-18,GS,DET,,9,DET@GS
401360488,2022,2022-01-19,WSH,BKN,,3,BKN@WSH
401360495,2022,2022-01-19,SA,OKC,,21,OKC@SA
401360496,2022,2022-01-19,UTAH,HOU,,11,HOU@UTAH
401360497,2022,2022-01-19,DEN,LAC,,13,LAC@DEN
401360500,2022,2022-01-20,NY,NO,,,NO@NY
401360502,2022,2022-01-20,GS,IND,,12,IND@GS
401360508,2022,2022-01-21,WSH,TOR,,28,TOR@WSH
401360510,2022,2022-01-21,SA,BKN,,3,BKN@SA
401360511,2022,2022-01-21,DEN,MEM,,15,MEM@DEN
401360512,2022,2022-01-21,UTAH,DET,,9,DET@UTAH
401360513,2022,2022-01-21,GS,HOU,,11,HOU@GS
401360517,2022,2022-01-23,NY,LAC,,13,LAC@NY
401360518,2022,2022-01-23,WSH,BOS,,2,BOS@WSH
401360523,2022,2022-01-23,SA,PHI,,23,PHI@SA
401360526,2022,2022-01-23,DEN,DET,,9,DET@DEN
401360527,2022,2022-01-23,GS,UTAH,,,UTAH@GS
401360528,2022,2022-01-24,CLE,NY,6,,NY@CLE
401360529,2022,2022-03-03,ATL,CHI,1,5,CHI@ATL
401360530,2022,2022-01-10,HOU,PHI,11,23,PHI@HOU
401360531,2022,2022-01-24,NO,IND,,12,IND@NO
401360532,2022,2022-01-24,PHX,UTAH,24,,UTAH@PHX
401360533,2022,2022-01-25,DET,DEN,9,,DEN@DET
401360535,2022,2022-01-25,WSH,LAC,,13,LAC@WSH
401360538,2022,2022-01-25,HOU,SA,11,,SA@HOU
401360539,2022,2022-01-25,GS,DAL,,7,DAL@GS
401360546,2022,2022-01-26,MIA,NY,16,,NY@MIA
401360547,2022,2022-01-26,SA,MEM,,15,MEM@SA
401360548,2022,2022-01-28,NO,DEN,,,DEN@NO
401360549,2022,2022-01-24,OKC,CHI,21,5,CHI@OKC
401360550,2022,2022-01-26,UTAH,PHX,,24,PHX@UTAH
401360553,2022,2022-01-27,GS,MIN,,18,MIN@GS
401360559,2022,2022-01-28,MEM,UTAH,15,,UTAH@MEM
401360561,2022,2022-01-28,SA,CHI,,5,CHI@SA
401360563,2022,2022-01-28,MIL,NY,17,,NY@MIL
401360564,2022,2022-01-29,NO,BOS,,2,BOS@NO
401360568,2022,2022-01-29,MEM,WSH,15,,WSH@MEM
401360569,2022,2022-01-29,GS,BKN,,3,BKN@GS
401360575,2022,2022-01-30,MIL,DEN,17,,DEN@MIL
401360576,2022,2022-01-30,MIN,UTAH,18,,UTAH@MIN
401360577,2022,2022-01-30,PHX,SA,24,,SA@PHX
401360578,2022,2022-01-31,CLE,NO,6,,NO@CLE
401360582,2022,2022-01-31,NY,SAC,,26,SAC@NY
401360583,2022,2022-01-31,HOU,GS,11,,GS@HOU
401360585,2022,2022-02-01,DET,NO,9,,NO@DET
401360587,2022,2022-02-01,MIL,WSH,17,,WSH@MIL
401360589,2022,2022-02-01,MIN,DEN,18,,DEN@MIN
401360590,2022,2022-02-01,SA,GS,,,GS@SA
401360593,2022,2022-02-02,PHI,WSH,23,,WSH@PHI
401360595,2022,2022-02-02,NY,MEM,,15,MEM@NY
401360598,2022,2022-02-02,UTAH,DEN,,,DEN@UTAH
401360603,2022,2022-02-01,TOR,MIA,28,16,MIA@TOR
401360604,2022,2022-02-03,GS,SAC,,26,SAC@GS
401360611,2022,2022-02-04,SA,HOU,,11,HOU@SA
401360612,2022,2022-02-04,UTAH,BKN,,3,BKN@UTAH
401360613,2022,2022-02-04,DEN,NO,,,NO@DEN
401360617,2022,2022-02-05,WSH,PHX,,24,PHX@WSH
401360618,2022,2022-02-05,LAL,NY,14,,NY@LAL
401360623,2022,2022-02-06,DEN,BKN,,3,BKN@DEN
401360627,2022,2022-02-06,HOU,NO,11,,NO@HOU
401360630,2022,2022-02-07,WSH,MIA,,16,MIA@WSH
401360632,2022,2022-02-07,OKC,GS,21,,GS@OKC
401360633,2022,2022-02-07,UTAH,NY,,,NY@UTAH
401360638,2022,2022-02-08,NO,HOU,,11,HOU@NO
401360640,2022,2022-02-08,DEN,NY,,,NY@DEN
401360644,2022,2022-02-09,CLE,SA,6,,SA@CLE
401360647,2022,2022-02-09,UTAH,GS,,,GS@UTAH
401360651,2022,2022-02-10,WSH,BKN,,3,BKN@WSH
401360652,2022,2022-02-10,NO,MIA,,16,MIA@NO
401360656,2022,2022-02-10,GS,NY,,,NY@GS
401360660,2022,2022-02-11,ATL,SA,1,,SA@ATL
401360661,2022,2022-02-11,BOS,DEN,2,,DEN@BOS
401360663,2022,2022-02-11,UTAH,ORL,,22,ORL@UTAH
401360664,2022,2022-02-12,POR,NY,25,,NY@POR
401360666,2022,2022-02-12,WSH,SAC,,26,SAC@WSH
401360667,2022,2022-02-12,NO,SA,,,SA@NO
401360669,2022,2022-02-12,TOR,DEN,28,,DEN@TOR
401360673,2022,2022-02-12,GS,LAL,,14,LAL@GS
401360677,2022,2022-02-14,WSH,DET,,9,DET@WSH
401360679,2022,2022-02-14,NY,OKC,,21,OKC@NY
401360680,2022,2022-02-14,CHI,SA,5,,SA@CHI
401360682,2022,2022-02-14,NO,TOR,,28,TOR@NO
401360683,2022,2022-02-14,DEN,ORL,,22,ORL@DEN
401360684,2022,2022-02-14,UTAH,HOU,,11,HOU@UTAH
401360685,2022,2022-02-14,LAC,GS,13,,GS@LAC
401360691,2022,2022-02-15,NO,MEM,,15,MEM@NO
401360695,2022,2022-02-16,IND,WSH,12,,WSH@IND
401360696,2022,2022-02-16,NY,BKN,,3,BKN@NY
401360700,2022,2022-02-16,OKC,SA,21,,SA@OKC
401360702,2022,2022-02-16,GS,DEN,,,DEN@GS
401360703,2022,2022-02-16,LAL,UTAH,14,,UTAH@LAL
401360705,2022,2022-02-17,NO,DAL,,7,DAL@NO
401360713,2022,2022-02-24,POR,GS,25,,GS@POR
401360714,2022,2022-02-24,SAC,DEN,26,,DEN@SAC
401360718,2022,2022-02-25,WSH,SA,,,SA@WSH
401360719,2022,2022-02-25,NY,MIA,,16,MIA@NY
401360721,2022,2022-02-25,PHX,NO,24,,NO@PHX
401360722,2022,2022-02-25,UTAH,DAL,,7,DAL@UTAH
401360726,2022,2022-02-26,CLE,WSH,6,,WSH@CLE
401360727,2022,2022-02-26,MIA,SA,16,,SA@MIA
401360730,2022,2022-02-26,DEN,SAC,,26,SAC@DEN
401360731,2022,2022-02-27,NY,PHI,,23,PHI@NY
401360732,2022,2022-02-27,PHX,UTAH,24,,UTAH@PHX
401360736,2022,2022-02-27,GS,DAL,,7,DAL@GS
401360737,2022,2022-02-27,POR,DEN,25,,DEN@POR
401360738,2022,2022-02-27,LAL,NO,14,,NO@LAL
401360742,2022,2022-02-28,MEM,SA,15,,SA@MEM
401360745,2022,2022-03-01,WSH,DET,,9,DET@WSH
401360749,2022,2022-03-01,MIN,GS,18,,GS@MIN
401360753,2022,2022-03-02,PHI,NY,23,,NY@PHI
401360754,2022,2022-03-02,HOU,UTAH,11,,UTAH@HOU
401360756,2022,2022-03-02,NO,SAC,,26,SAC@NO
401360757,2022,2022-03-02,DEN,OKC,,21,OKC@DEN
401360762,2022,2022-03-03,DAL,GS,7,,GS@DAL
401360763,2022,2022-03-03,SA,SAC,,26,SAC@SA
401360767,2022,2022-03-04,WSH,ATL,,1,ATL@WSH
401360769,2022,2022-03-04,NO,UTAH,,,UTAH@NO
401360771,2022,2022-03-04,DEN,HOU,,11,HOU@DEN
401360772,2022,2022-03-04,PHX,NY,24,,NY@PHX
401360774,2022,2022-03-05,CHA,SA,4,,SA@CHA
401360778,2022,2022-03-05,LAL,GS,14,,GS@LAL
401360782,2022,2022-03-06,WSH,IND,,12,IND@WSH
401360784,2022,2022-03-06,OKC,UTAH,21,,UTAH@OKC
401360785,2022,2022-03-06,LAC,NY,13,,NY@LAC
401360786,2022,2022-03-06,DEN,NO,,,NO@DEN
401360791,2022,2022-03-07,DAL,UTAH,7,,UTAH@DAL
401360792,2022,2022-03-07,SA,LAL,,14,LAL@SA
401360793,2022,2022-03-07,SAC,NY,26,,NY@SAC
401360797,2022,2022-03-08,MEM,NO,15,,NO@MEM
401360799,2022,2022-03-08,GS,LAC,,13,LAC@GS
401360806,2022,2022-03-09,NO,ORL,,22,ORL@NO
401360807,2022,2022-03-09,DAL,NY,7,,NY@DAL
401360808,2022,2022-03-09,SA,TOR,,28,TOR@SA
401360809,2022,2022-03-09,UTAH,POR,,25,POR@UTAH
401360810,2022,2022-03-09,SAC,DEN,26,,DEN@SAC
401360811,2022,2022-03-09,LAC,WSH,13,,WSH@LAC
401360813,2022,2022-03-10,DEN,GS,,,GS@DEN
401360819,2022,2022-03-11,MEM,NY,15,,NY@MEM
401360820,2022,2022-03-11,NO,CHA,,4,CHA@NO
401360821,2022,2022-03-11,SA,UTAH,,,UTAH@SA
401360823,2022,2022-03-11,LAL,WSH,14,,WSH@LAL
401360826,2022,2022-03-12,SA,IND,,12,IND@SA
401360827,2022,2022-03-12,GS,MIL,,17,MIL@GS
401360828,2022,2022-03-12,DEN,TOR,,28,TOR@DEN
401360829,2022,2022-03-12,UTAH,SAC,,26,SAC@UTAH
401360830,2022,2022-03-12,POR,WSH,25,,WSH@POR
401360831,2022,2022-03-13,BKN,NY,3,,NY@BKN
401360836,2022,2022-03-13,NO,HOU,,11,HOU@NO
401360841,2022,2022-03-14,PHI,DEN,23,,DEN@PHI
401360843,2022,2022-03-14,SA,MIN,,18,MIN@SA
401360844,2022,2022-03-14,GS,WSH,,,WSH@GS
401360846,2022,2022-03-14,UTAH,MIL,,17,MIL@UTAH
401360851,2022,2022-03-15,NO,PHX,,24,PHX@NO
401360854,2022,2022-03-16,WSH,DEN,,,DEN@WSH
401360856,2022,2022-03-16,NY,POR,,25,POR@NY
401360859,2022,2022-03-16,SA,OKC,,21,OKC@SA
401360860,2022,2022-03-16,UTAH,CHI,,5,CHI@UTAH
401360861,2022,2022-03-16,GS,BOS,,2,BOS@GS
401360865,2022,2022-03-18,NY,WSH,,,WSH@NY
401360869,2022,2022-03-18,SA,NO,,,NO@SA
401360870,2022,2022-03-18,UTAH,LAC,,13,LAC@UTAH
401360874,2022,2022-03-18,CLE,DEN,6,,DEN@CLE
401358774,2022,2021-10-19,LAL,GS,14,,GS@LAL
401358775,2022,2021-10-20,NY,BOS,,2,BOS@NY
401358776,2022,2021-10-20,PHX,DEN,24,,DEN@PHX
401358778,2022,2021-10-21,GS,LAC,,13,LAC@GS
401358781,2022,2021-12-25,NY,ATL,,1,ATL@NY
401358783,2022,2021-12-25,PHX,GS,24,,GS@PHX
401358785,2022,2021-12-25,UTAH,DAL,,7,DAL@UTAH
401359835,2022,2021-10-20,TOR,WSH,28,,WSH@TOR
401359838,2022,2021-10-20,NO,PHI,,23,PHI@NO
401359839,2022,2021-10-20,SA,ORL,,22,ORL@SA
401359840,2022,2021-10-20,UTAH,OKC,,21,OKC@UTAH
401359844,2022,2021-10-22,ORL,NY,22,,NY@ORL
401359845,2022,2021-10-22,WSH,IND,,12,IND@WSH
401359847,2022,2021-10-22,CHI,NO,5,,NO@CHI
401359849,2022,2021-10-22,DEN,SA,,,SA@DEN
401359850,2022,2021-10-22,SAC,UTAH,26,,UTAH@SAC
401360880,2022,2022-03-19,WSH,LAL,,14,LAL@WSH
401360883,2022,2022-03-20,ATL,NO,1,,NO@ATL
401360886,2022,2022-03-20,NY,UTAH,,,UTAH@NY
401360887,2022,2022-03-20,DEN,BOS,,2,BOS@DEN
401360889,2022,2022-03-20,GS,SA,,,SA@GS
401360890,2022,2022-03-21,CHA,NO,4,,NO@CHA
401360894,2022,2022-03-21,BKN,UTAH,3,,UTAH@BKN
401360896,2022,2022-03-21,HOU,WSH,11,,WSH@HOU
401360899,2022,2022-03-22,ORL,GS,22,,GS@ORL
401360900,2022,2022-03-22,NY,ATL,,1,ATL@NY
401360902,2022,2022-03-22,DEN,LAC,,13,LAC@DEN
401360903,2022,2022-03-23,CHA,NY,4,,NY@CHA
401360906,2022,2022-03-23,BOS,UTAH,2,,UTAH@BOS
401360907,2022,2022-03-23,MIA,GS,16,,GS@MIA
401360913,2022,2022-03-23,POR,SA,25,,SA@POR
401267190,2021,2020-12-26,SAC,PHX,26,24,PHX@SAC
401267191,2021,2020-12-27,LAC,DAL,13,7,DAL@LAC
401267192,2021,2020-12-27,CHA,BKN,4,3,BKN@CHA
401267193,2021,2020-12-27,WSH,ORL,,22,ORL@WSH
401267194,2021,2020-12-27,NO,SA,,,SA@NO
401267195,2021,2020-12-27,CLE,PHI,6,23,PHI@CLE
401267196,2021,2020-12-27,NY,MIL,,17,MIL@NY
401267197,2021,2020-12-27,IND,BOS,12,2,BOS@IND
401267198,2021,2020-12-27,CHI,GS,5,,GS@CHI
401267199,2021,2020-12-27,SAC,PHX,26,24,PHX@SAC
401267200,2021,2020-12-27,LAL,MIN,14,18,MIN@LAL
401267201,2021,2020-12-28,ATL,DET,1,9,DET@ATL
401267202,2021,2020-12-28,BKN,MEM,3,15,MEM@BKN
401267203,2021,2020-12-28,OKC,UTAH,21,,UTAH@OKC
401267204,2021,2020-12-28,DEN,HOU,,11,HOU@DEN
401267205,2021,2020-12-28,LAL,POR,14,25,POR@LAL
401703373,2025,2024-11-12,PHI,NY,23,,NY@PHI
401703375,2025,2024-11-12,UTAH,PHX,,24,PHX@UTAH
401703376,2025,2024-11-12,GS,DAL,,7,DAL@GS
401703381,2025,2024-11-15,ATL,WSH,1,,WSH@ATL
401703383,2025,2024-11-15,NY,BKN,,3,BKN@NY
401703384,2025,2024-11-15,SA,LAL,,14,LAL@SA
401359855,2022,2021-10-23,MIN,NO,18,,NO@MIN
401359856,2022,2021-10-23,SA,MIL,,17,MIL@SA
401359860,2022,2021-10-24,NY,ORL,,22,ORL@NY
401359863,2022,2021-10-24,SAC,GS,26,,GS@SAC
401359868,2022,2021-10-25,BKN,WSH,3,,WSH@BKN
401359871,2022,2021-10-25,MIN,NO,18,,NO@MIN
401359872,2022,2021-10-25,DEN,CLE,,6,CLE@DEN
401359874,2022,2021-10-26,NY,PHI,,23,PHI@NY
401359875,2022,2021-10-26,OKC,GS,21,,GS@OKC
401359877,2022,2021-10-26,SA,LAL,,14,LAL@SA
401359878,2022,2021-10-26,UTAH,DEN,,,DEN@UTAH
401359880,2022,2021-10-27,BOS,WSH,2,,WSH@BOS
401359883,2022,2021-10-27,NO,ATL,,1,ATL@NO
401359890,2022,2021-10-28,WSH,ATL,,1,ATL@WSH
401359891,2022,2021-10-28,CHI,NY,5,,NY@CHI
401359892,2022,2021-10-28,HOU,UTAH,11,,UTAH@HOU
401359893,2022,2021-10-28,DAL,SA,7,,SA@DAL
401359894,2022,2021-10-28,GS,MEM,,15,MEM@GS
401359898,2022,2021-10-29,NO,SAC,,26,SAC@NO
401359899,2022,2021-10-29,DEN,DAL,,7,DAL@DEN
401359902,2022,2021-10-30,WSH,BOS,,2,BOS@WSH
401359904,2022,2021-10-30,NO,NY,,,NY@NO
401359907,2022,2021-10-30,CHI,UTAH,5,,UTAH@CHI
401359909,2022,2021-10-30,MIL,SA,17,,SA@MIL
401359910,2022,2021-10-30,GS,OKC,,21,OKC@GS
401360916,2022,2022-03-24,MIL,WSH,17,,WSH@MIL
401360917,2022,2022-03-24,NO,CHI,,5,CHI@NO
401360918,2022,2022-03-24,DEN,PHX,,24,PHX@DEN
401703386,2025,2024-11-15,NO,DEN,,,DEN@NO
401703388,2025,2024-11-15,GS,MEM,,15,MEM@GS
401703392,2025,2024-11-19,MEM,DEN,15,,DEN@MEM
401703393,2025,2024-11-19,DAL,NO,7,,NO@DAL
401703394,2025,2024-11-19,SA,OKC,,21,OKC@SA
401703395,2025,2024-11-19,LAL,UTAH,14,,UTAH@LAL
401703397,2025,2024-11-22,WSH,BOS,,2,BOS@WSH
401703401,2025,2024-11-22,NO,GS,,,GS@NO
401703402,2025,2024-11-22,DEN,DAL,,7,DAL@DEN
401703404,2025,2024-11-26,WSH,CHI,,5,CHI@WSH
401703407,2025,2024-11-26,UTAH,SA,,,SA@UTAH
401703409,2025,2024-11-29,CHA,NY,4,,NY@CHA
401267206,2021,2020-12-29,CLE,NY,6,,NY@CLE
401267207,2021,2020-12-29,DET,GS,9,,GS@DET
401267208,2021,2020-12-29,IND,BOS,12,2,BOS@IND
401267209,2021,2020-12-29,PHI,TOR,23,28,TOR@PHI
401267210,2021,2020-12-29,WSH,CHI,,5,CHI@WSH
401267211,2021,2020-12-29,MIA,MIL,16,17,MIL@MIA
401267212,2021,2020-12-29,OKC,ORL,21,22,ORL@OKC
401267213,2021,2020-12-29,PHX,NO,24,,NO@PHX
401267214,2021,2020-12-29,LAC,MIN,13,18,MIN@LAC
401267215,2021,2020-12-29,SAC,DEN,26,,DEN@SAC
401267216,2021,2020-12-30,BOS,MEM,2,15,MEM@BOS
401267217,2021,2020-12-30,BKN,ATL,3,1,ATL@BKN
401267218,2021,2020-12-30,MIA,MIL,16,17,MIL@MIA
401267219,2021,2020-12-30,DAL,CHA,7,4,CHA@DAL
401267220,2021,2020-12-30,SA,LAL,,14,LAL@SA
401267221,2021,2020-12-30,LAC,POR,13,25,POR@LAC
401267222,2021,2020-12-31,IND,CLE,12,6,CLE@IND
401267223,2021,2020-12-31,WSH,CHI,,5,CHI@WSH
401267224,2021,2020-12-31,ORL,PHI,22,23,PHI@ORL
401267225,2021,2020-12-31,HOU,SAC,11,26,SAC@HOU
401267226,2021,2020-12-31,TOR,NY,28,,NY@TOR
401267227,2021,2020-12-31,OKC,NO,21,,NO@OKC
401267228,2021,2020-12-31,UTAH,PHX,,24,PHX@UTAH
401267229,2021,2021-01-01,CHA,MEM,4,15,MEM@CHA
401267230,2021,2021-01-01,DET,BOS,9,2,BOS@DET
401267231,2021,2021-01-01,DAL,MIA,7,16,MIA@DAL
401267232,2021,2021-01-01,BKN,ATL,3,1,ATL@BKN
401267233,2021,2021-01-01,MIL,CHI,17,5,CHI@MIL
401267234,2021,2021-01-01,MIN,WSH,18,,WSH@MIN
401267235,2021,2021-01-01,SA,LAL,,14,LAL@SA
401267236,2021,2021-01-01,DEN,PHX,,24,PHX@DEN
401267237,2021,2021-01-01,UTAH,LAC,,13,LAC@UTAH
401267238,2021,2021-01-01,GS,POR,,25,POR@GS
401267239,2021,2021-01-02,HOU,SAC,11,26,SAC@HOU
401703411,2025,2024-11-29,MEM,NO,15,,NO@MEM
401267240,2021,2021-01-02,IND,NY,12,,NY@IND
401267241,2021,2021-01-02,ORL,OKC,22,21,OKC@ORL
401267242,2021,2021-01-02,PHI,CHA,23,4,CHA@PHI
401267243,2021,2021-01-02,ATL,CLE,1,6,CLE@ATL
401267244,2021,2021-01-02,NO,TOR,,28,TOR@NO
401267245,2021,2021-01-03,DET,BOS,9,2,BOS@DET
401267246,2021,2021-01-03,BKN,WSH,3,,WSH@BKN
401267247,2021,2021-01-03,MEM,LAL,15,14,LAL@MEM
401267248,2021,2021-01-03,MIN,DEN,18,,DEN@MIN
401267249,2021,2021-01-03,SA,UTAH,,,UTAH@SA
401267250,2021,2021-01-03,CHI,DAL,5,7,DAL@CHI
401267251,2021,2021-01-03,PHX,LAC,24,13,LAC@PHX
401267252,2021,2021-01-03,GS,POR,,25,POR@GS
401267253,2021,2021-01-04,ORL,CLE,22,6,CLE@ORL
401267254,2021,2021-01-04,PHI,CHA,23,4,CHA@PHI
401267255,2021,2021-01-04,ATL,NY,1,,NY@ATL
401703420,2025,2024-12-03,CLE,WSH,6,,WSH@CLE
401267256,2021,2021-01-04,MIA,OKC,16,21,OKC@MIA
401267257,2021,2021-01-04,TOR,BOS,28,2,BOS@TOR
401703422,2025,2024-12-03,NY,ORL,,22,ORL@NY
401703424,2025,2024-12-03,OKC,UTAH,21,,UTAH@OKC
401267258,2021,2021-01-04,HOU,DAL,11,7,DAL@HOU
401267259,2021,2021-01-04,MIL,DET,17,9,DET@MIL
401267260,2021,2021-01-04,NO,IND,,12,IND@NO
401267261,2021,2021-01-04,GS,SAC,,26,SAC@GS
401267262,2021,2021-01-05,BKN,UTAH,3,,UTAH@BKN
401703426,2025,2024-12-03,PHX,SA,24,,SA@PHX
401703427,2025,2024-12-03,DEN,GS,,,GS@DEN
401267263,2021,2021-01-05,MEM,LAL,15,14,LAL@MEM
401267264,2021,2021-01-05,DEN,MIN,,18,MIN@DEN
401267265,2021,2021-01-05,LAC,SA,13,,SA@LAC
401267266,2021,2021-01-05,POR,CHI,25,5,CHI@POR
401704627,2025,2024-10-22,BOS,NY,2,,NY@BOS
401267267,2021,2021-01-06,IND,HOU,12,11,HOU@IND
401267268,2021,2021-01-06,ORL,CLE,22,6,CLE@ORL
401267269,2021,2021-01-06,PHI,WSH,23,,WSH@PHI
401267270,2021,2021-01-06,ATL,CHA,1,4,CHA@ATL
401267271,2021,2021-01-06,MIA,BOS,16,2,BOS@MIA
401267272,2021,2021-01-06,NY,UTAH,,,UTAH@NY
401267273,2021,2021-01-06,MIL,DET,17,9,DET@MIL
401267274,2021,2021-01-06,NO,OKC,,21,OKC@NO
401267275,2021,2021-01-06,PHX,TOR,24,28,TOR@PHX
401704635,2025,2024-10-23,NO,CHI,,5,CHI@NO
401704636,2025,2024-10-23,UTAH,MEM,,15,MEM@UTAH
401267276,2021,2021-01-06,GS,LAC,,13,LAC@GS
401267277,2021,2021-01-06,SAC,CHI,26,5,CHI@SAC
401267278,2021,2021-01-07,BKN,PHI,3,23,PHI@BKN
401704638,2025,2024-10-23,POR,GS,25,,GS@POR
401267279,2021,2021-01-07,MEM,CLE,15,6,CLE@MEM
401704639,2025,2024-10-24,WSH,BOS,,2,BOS@WSH
401267280,2021,2021-01-07,DEN,DAL,,7,DAL@DEN
401267281,2021,2021-01-07,LAL,SA,14,,SA@LAL
401704640,2025,2024-10-24,DAL,SA,7,,SA@DAL
401267282,2021,2021-01-07,POR,MIN,25,18,MIN@POR
401267283,2021,2021-01-08,DET,PHX,9,24,PHX@DET
401267284,2021,2021-01-08,BOS,WSH,2,,WSH@BOS
401704641,2025,2024-10-24,DEN,OKC,,21,OKC@DEN
401267285,2021,2021-01-08,NY,OKC,,21,OKC@NY
401267286,2021,2021-01-08,NO,CHA,,4,CHA@NO
401267287,2021,2021-01-08,HOU,ORL,11,22,ORL@HOU
401267288,2021,2021-01-08,MEM,BKN,15,3,BKN@MEM
401267289,2021,2021-01-08,MIL,UTAH,17,,UTAH@MIL
401267290,2021,2021-01-08,GS,LAC,,13,LAC@GS
401267291,2021,2021-01-08,LAL,CHI,14,5,CHI@LAL
401267292,2021,2021-01-08,SAC,TOR,26,28,TOR@SAC
401704647,2025,2024-10-25,NY,IND,,12,IND@NY
401267293,2021,2021-01-09,PHI,DEN,23,,DEN@PHI
401704650,2025,2024-10-25,UTAH,GS,,,GS@UTAH
401267294,2021,2021-01-09,CHA,ATL,4,1,ATL@CHA
401267295,2021,2021-01-09,IND,PHX,12,24,PHX@IND
401704652,2025,2024-10-25,POR,NO,25,,NO@POR
401704653,2025,2024-10-26,DEN,LAC,,13,LAC@DEN
401267296,2021,2021-01-09,WSH,MIA,,16,MIA@WSH
401267297,2021,2021-01-09,MIL,CLE,17,6,CLE@MIL
401267298,2021,2021-01-09,MIN,SA,18,,SA@MIN
401267299,2021,2021-01-09,DAL,ORL,7,22,ORL@DAL
401267300,2021,2021-01-09,SAC,POR,26,25,POR@SAC
401267301,2021,2021-01-10,DET,UTAH,9,,UTAH@DET
401704656,2025,2024-10-26,WSH,CLE,,6,CLE@WSH
401267302,2021,2021-01-10,LAC,CHI,13,5,CHI@LAC
401267303,2021,2021-01-10,BKN,OKC,3,21,OKC@BKN
401267304,2021,2021-01-10,NY,DEN,,,DEN@NY
401267306,2021,2021-01-10,HOU,LAL,11,14,LAL@HOU
401267307,2021,2021-01-10,MIN,SA,18,,SA@MIN
401267308,2021,2021-01-10,GS,TOR,,28,TOR@GS
401267309,2021,2021-01-11,CHA,NY,4,,NY@CHA
401267310,2021,2021-01-11,CLE,MEM,6,15,MEM@CLE
401267311,2021,2021-01-11,ORL,MIL,22,17,MIL@ORL
401704660,2025,2024-10-26,SA,HOU,,11,HOU@SA
401267312,2021,2021-01-11,WSH,PHX,,24,PHX@WSH
401267313,2021,2021-01-11,ATL,PHI,1,23,PHI@ATL
401267315,2021,2021-01-11,POR,TOR,25,28,TOR@POR
401704665,2025,2024-10-27,POR,NO,25,,NO@POR
401267316,2021,2021-01-11,SAC,IND,26,12,IND@SAC
401267317,2021,2021-01-12,PHI,MIA,23,16,MIA@PHI
401267318,2021,2021-01-12,BKN,DEN,3,,DEN@BKN
401267319,2021,2021-01-12,CLE,UTAH,6,,UTAH@CLE
401267321,2021,2021-01-12,HOU,LAL,11,14,LAL@HOU
401704667,2025,2024-10-27,GS,LAC,,13,LAC@GS
401267322,2021,2021-01-12,OKC,SA,21,,SA@OKC
401704669,2025,2024-10-28,ATL,WSH,1,,WSH@ATL
401267323,2021,2021-01-12,GS,IND,,12,IND@GS
401267324,2021,2021-01-13,CHA,DAL,4,7,DAL@CHA
401267325,2021,2021-01-13,DET,MIL,9,17,MIL@DET
401267328,2021,2021-01-13,NY,BKN,,3,BKN@NY
401704672,2025,2024-10-28,NY,CLE,,6,CLE@NY
401704673,2025,2024-10-28,TOR,DEN,28,,DEN@TOR
401267329,2021,2021-01-13,MIN,MEM,18,15,MEM@MIN
401267330,2021,2021-01-13,OKC,LAL,21,14,LAL@OKC
401704675,2025,2024-10-28,SA,HOU,,11,HOU@SA
401704676,2025,2024-10-28,DAL,UTAH,7,,UTAH@DAL
401267332,2021,2021-01-13,LAC,NO,13,,NO@LAC
401267333,2021,2021-01-13,SAC,POR,26,25,POR@SAC
401267334,2021,2021-01-14,PHI,MIA,23,16,MIA@PHI
401267335,2021,2021-01-14,TOR,CHA,28,4,CHA@TOR
401267336,2021,2021-01-14,SA,HOU,,11,HOU@SA
401267337,2021,2021-01-14,DEN,GS,,,GS@DEN
401267338,2021,2021-01-14,POR,IND,25,12,IND@POR
401704679,2025,2024-10-29,BKN,DEN,3,,DEN@BKN
401267340,2021,2021-01-15,BOS,ORL,2,22,ORL@BOS
401704681,2025,2024-10-29,UTAH,SAC,,26,SAC@UTAH
401267341,2021,2021-01-15,CLE,NY,6,,NY@CLE
401267342,2021,2021-01-15,MIL,DAL,17,7,DAL@MIL
401267344,2021,2021-01-15,OKC,CHI,21,5,CHI@OKC
401267346,2021,2021-01-15,UTAH,ATL,,1,ATL@UTAH
401704682,2025,2024-10-29,GS,NO,,,NO@GS
401267347,2021,2021-01-15,LAL,NO,14,,NO@LAL
401267348,2021,2021-01-15,SAC,LAC,26,13,LAC@SAC
401267349,2021,2021-01-16,SA,HOU,,11,HOU@SA
401267350,2021,2021-01-16,BKN,ORL,3,22,ORL@BKN
401267351,2021,2021-01-16,TOR,CHA,28,4,CHA@TOR
401267352,2021,2021-01-16,MIA,DET,16,9,DET@MIA
401267353,2021,2021-01-16,MEM,PHI,15,23,PHI@MEM
401267355,2021,2021-01-16,POR,ATL,25,1,ATL@POR
401267356,2021,2021-01-17,BOS,NY,2,,NY@BOS
401267358,2021,2021-01-17,DAL,CHI,7,5,CHI@DAL
401267360,2021,2021-01-17,DEN,UTAH,,,UTAH@DEN
401704687,2025,2024-10-30,WSH,ATL,,1,ATL@WSH
401704688,2025,2024-10-30,MIA,NY,16,,NY@MIA
401267361,2021,2021-01-17,SAC,NO,26,,NO@SAC
401267362,2021,2021-01-17,LAC,IND,13,12,IND@LAC
401267363,2021,2021-01-18,NY,ORL,,22,ORL@NY
401704691,2025,2024-10-30,OKC,SA,21,,SA@OKC
401267365,2021,2021-01-18,ATL,MIN,1,18,MIN@ATL
401267366,2021,2021-01-18,MIA,DET,16,9,DET@MIA
401267367,2021,2021-01-18,POR,SA,25,,SA@POR
401704692,2025,2024-10-30,GS,NO,,,NO@GS
401704696,2025,2024-10-31,UTAH,SA,,,SA@UTAH
401267368,2021,2021-01-18,MEM,PHX,15,24,PHX@MEM
401267369,2021,2021-01-18,BKN,MIL,3,17,MIL@BKN
401267370,2021,2021-01-18,TOR,DAL,28,7,DAL@TOR
401267371,2021,2021-01-18,CHI,HOU,5,11,HOU@CHI
401267372,2021,2021-01-18,LAL,GS,14,,GS@LAL
401267373,2021,2021-01-19,DEN,OKC,,21,OKC@DEN
401704700,2025,2024-11-01,DET,NY,9,,NY@DET
401267374,2021,2021-01-19,UTAH,NO,,,NO@UTAH
401267376,2021,2021-01-20,CLE,BKN,6,3,BKN@CLE
401267377,2021,2021-01-20,IND,DAL,12,7,DAL@IND
401267378,2021,2021-01-20,PHI,BOS,23,2,BOS@PHI
401267379,2021,2021-01-20,ATL,DET,1,9,DET@ATL
401267380,2021,2021-01-20,TOR,MIA,28,16,MIA@TOR
401267381,2021,2021-01-20,MIN,ORL,18,22,ORL@MIN
401267382,2021,2021-01-20,HOU,PHX,11,24,PHX@HOU
401267383,2021,2021-01-20,GS,SA,,,SA@GS
401704704,2025,2024-11-01,NO,IND,,12,IND@NO
401704705,2025,2024-11-01,MIN,DEN,18,,DEN@MIN
401267384,2021,2021-01-20,LAC,SAC,13,26,SAC@LAC
401267386,2021,2021-01-21,MIL,LAL,17,14,LAL@MIL
401267387,2021,2021-01-21,UTAH,NO,,,NO@UTAH
401267388,2021,2021-01-21,GS,NY,,,NY@GS
401267389,2021,2021-01-22,CHA,CHI,4,5,CHI@CHA
401267390,2021,2021-01-22,DET,HOU,9,11,HOU@DET
401267391,2021,2021-01-22,IND,ORL,12,22,ORL@IND
401267392,2021,2021-01-22,CLE,BKN,6,3,BKN@CLE
401267393,2021,2021-01-22,PHI,BOS,23,2,BOS@PHI
401704710,2025,2024-11-02,HOU,GS,11,,GS@HOU
401267394,2021,2021-01-22,TOR,MIA,28,16,MIA@TOR
401267396,2021,2021-01-22,MIN,ATL,18,1,ATL@MIN
401267397,2021,2021-01-22,SA,DAL,,7,DAL@SA
401267398,2021,2021-01-22,PHX,DEN,24,,DEN@PHX
401704712,2025,2024-11-02,SA,MIN,,18,MIN@SA
401267399,2021,2021-01-22,LAC,OKC,13,21,OKC@LAC
401267401,2021,2021-01-22,SAC,NY,26,,NY@SAC
401267402,2021,2021-01-23,UTAH,GS,,,GS@UTAH
401704713,2025,2024-11-02,WSH,MIA,,16,MIA@WSH
401704714,2025,2024-11-02,DEN,UTAH,,,UTAH@DEN
401267403,2021,2021-01-23,DET,PHI,9,23,PHI@DET
401267404,2021,2021-01-23,BKN,MIA,3,16,MIA@BKN
401267405,2021,2021-01-23,CHI,LAL,5,14,LAL@CHI
401267406,2021,2021-01-23,MIN,NO,18,,NO@MIN
401267407,2021,2021-01-23,DAL,HOU,7,11,HOU@DAL
401267408,2021,2021-01-23,PHX,DEN,24,,DEN@PHX
401704718,2025,2024-11-03,NO,ATL,,1,ATL@NO
401267409,2021,2021-01-24,IND,TOR,12,28,TOR@IND
401267410,2021,2021-01-24,BOS,CLE,2,6,CLE@BOS
401267411,2021,2021-01-24,LAC,OKC,13,21,OKC@LAC
401704721,2025,2024-11-04,WSH,GS,,,GS@WSH
401267412,2021,2021-01-24,ORL,CHA,22,4,CHA@ORL
401267413,2021,2021-01-24,SA,WSH,,,WSH@SA
401267414,2021,2021-01-24,MIL,ATL,17,1,ATL@MIL
401267416,2021,2021-01-24,POR,NY,25,,NY@POR
401267417,2021,2021-01-25,DET,PHI,9,23,PHI@DET
401267418,2021,2021-01-25,IND,TOR,12,28,TOR@IND
401267419,2021,2021-01-25,ORL,CHA,22,4,CHA@ORL
401267420,2021,2021-01-25,BKN,MIA,3,16,MIA@BKN
401704726,2025,2024-11-04,CHI,UTAH,5,,UTAH@CHI
401704727,2025,2024-11-04,HOU,NY,11,,NY@HOU
401267421,2021,2021-01-25,CLE,LAL,6,14,LAL@CLE
401267422,2021,2021-01-25,CHI,BOS,5,2,BOS@CHI
401267425,2021,2021-01-25,DAL,DEN,7,,DEN@DAL
401267426,2021,2021-01-25,GS,MIN,,18,MIN@GS
401704730,2025,2024-11-04,NO,POR,,25,POR@NO
401267427,2021,2021-01-25,POR,OKC,25,21,OKC@POR
401267428,2021,2021-01-26,ATL,LAC,1,13,LAC@ATL
401267429,2021,2021-01-26,HOU,WSH,11,,WSH@HOU
401704732,2025,2024-11-04,DEN,TOR,,28,TOR@DEN
401267430,2021,2021-01-26,UTAH,NY,,,NY@UTAH
401267431,2021,2021-01-27,CHA,IND,4,12,IND@CHA
401267432,2021,2021-01-27,CLE,DET,6,9,DET@CLE
401267433,2021,2021-01-27,ORL,SAC,22,26,SAC@ORL
401267434,2021,2021-01-27,ATL,BKN,1,3,BKN@ATL
401704734,2025,2024-11-04,LAC,SA,13,,SA@LAC
401267435,2021,2021-01-27,MIA,DEN,16,,DEN@MIA
401267436,2021,2021-01-27,PHI,LAL,23,14,LAL@PHI
401267437,2021,2021-01-27,TOR,MIL,28,17,MIL@TOR
401267439,2021,2021-01-27,NO,WSH,,,WSH@NO
401267440,2021,2021-01-27,SA,BOS,,2,BOS@SA
401267441,2021,2021-01-27,PHX,OKC,24,21,OKC@PHX
401704737,2025,2024-11-06,ATL,NY,1,,NY@ATL
401704738,2025,2024-11-06,BOS,GS,2,,GS@BOS
401267442,2021,2021-01-27,UTAH,DAL,,7,DAL@UTAH
401267443,2021,2021-01-27,GS,MIN,,18,MIN@GS
401704739,2025,2024-11-06,HOU,SA,11,,SA@HOU
401267444,2021,2021-01-28,DET,LAL,9,14,LAL@DET
401267445,2021,2021-01-28,MIA,LAC,16,13,LAC@MIA
401267446,2021,2021-01-28,PHX,GS,24,,GS@PHX
401267447,2021,2021-01-28,HOU,POR,11,25,POR@HOU
401267448,2021,2021-01-29,CHA,IND,4,12,IND@CHA
401267449,2021,2021-01-29,ORL,LAC,22,13,LAC@ORL
401267450,2021,2021-01-29,WSH,ATL,,1,ATL@WSH
401267451,2021,2021-01-29,NY,CLE,,6,CLE@NY
401704741,2025,2024-11-06,NO,CLE,,6,CLE@NO
401267452,2021,2021-01-29,TOR,SAC,28,26,SAC@TOR
401267453,2021,2021-01-29,NO,MIL,,17,MIL@NO
401267454,2021,2021-01-29,MIN,PHI,18,23,PHI@MIN
401267455,2021,2021-01-29,OKC,BKN,21,3,BKN@OKC
401267456,2021,2021-01-29,SA,DEN,,,DEN@SA
401267457,2021,2021-01-29,UTAH,DAL,,7,DAL@UTAH
401267458,2021,2021-01-30,CHI,POR,5,25,POR@CHI
401267459,2021,2021-01-30,CHA,MIL,4,17,MIL@CHA
401704743,2025,2024-11-06,DEN,OKC,,21,OKC@DEN
401267460,2021,2021-01-30,NO,HOU,,11,HOU@NO
401267461,2021,2021-01-30,MIA,SAC,16,26,SAC@MIA
401267462,2021,2021-01-30,BOS,LAL,2,14,LAL@BOS
401704748,2025,2024-11-07,MIL,UTAH,17,,UTAH@MIL
401704749,2025,2024-11-07,SA,POR,,25,POR@SA
401267463,2021,2021-01-30,DAL,PHX,7,24,PHX@DAL
401267464,2021,2021-01-30,SA,MEM,,15,MEM@SA
401704752,2025,2024-11-08,ORL,NO,22,,NO@ORL
401267465,2021,2021-01-30,GS,DET,,9,DET@GS
401267466,2021,2021-01-31,DEN,UTAH,,,UTAH@DEN
401267467,2021,2021-01-31,IND,PHI,12,23,PHI@IND
401267468,2021,2021-01-31,NY,LAC,,13,LAC@NY
401704754,2025,2024-11-08,CLE,GS,6,,GS@CLE
401267469,2021,2021-01-31,TOR,ORL,28,22,ORL@TOR
401704755,2025,2024-11-08,NY,MIL,,17,MIL@NY
401267470,2021,2021-01-31,WSH,BKN,,3,BKN@WSH
401267471,2021,2021-01-31,MIN,CLE,18,6,CLE@MIN
401267472,2021,2021-02-01,CLE,MIN,6,18,MIN@CLE
401267473,2021,2021-02-01,ATL,LAL,1,14,LAL@ATL
401704757,2025,2024-11-08,MEM,WSH,15,,WSH@MEM
401267474,2021,2021-02-01,MIA,CHA,16,4,CHA@MIA
401267475,2021,2021-02-01,CHI,NY,5,,NY@CHI
401267476,2021,2021-02-01,MIL,POR,17,25,POR@MIL
401267477,2021,2021-02-01,NO,SAC,,26,SAC@NO
401267478,2021,2021-02-01,OKC,HOU,21,11,HOU@OKC
401704760,2025,2024-11-08,DEN,MIA,,16,MIA@DEN
401267479,2021,2021-02-01,DAL,PHX,7,24,PHX@DAL
401267480,2021,2021-02-01,SA,MEM,,15,MEM@SA
401267482,2021,2021-02-02,IND,MEM,12,15,MEM@IND
401267483,2021,2021-02-02,ORL,TOR,22,28,TOR@ORL
401267484,2021,2021-02-02,BKN,LAC,3,13,LAC@BKN
401267485,2021,2021-02-02,UTAH,DET,,9,DET@UTAH
401704763,2025,2024-11-09,SA,UTAH,,,UTAH@SA
401267486,2021,2021-02-02,GS,BOS,,2,BOS@GS
401267487,2021,2021-02-03,CHA,PHI,4,23,PHI@CHA
401267488,2021,2021-02-03,CLE,LAC,6,13,LAC@CLE
401267489,2021,2021-02-03,MIL,IND,17,12,IND@MIL
401267490,2021,2021-02-03,ATL,DAL,1,7,DAL@ATL
401267491,2021,2021-02-03,MIA,WSH,16,,WSH@MIA
401704769,2025,2024-11-10,IND,NY,12,,NY@IND
401267492,2021,2021-02-03,CHI,NY,5,,NY@CHI
401267493,2021,2021-02-03,OKC,HOU,21,11,HOU@OKC
401704770,2025,2024-11-10,ORL,WSH,22,,WSH@ORL
401267494,2021,2021-02-03,SA,MIN,,18,MIN@SA
401267495,2021,2021-02-03,NO,PHX,,24,PHX@NO
401704773,2025,2024-11-10,OKC,GS,21,,GS@OKC
401267496,2021,2021-02-03,SAC,BOS,26,2,BOS@SAC
401267497,2021,2021-02-04,PHI,POR,23,25,POR@PHI
401267498,2021,2021-02-04,ATL,UTAH,1,,UTAH@ATL
401704774,2025,2024-11-10,DEN,DAL,,7,DAL@DEN
401267499,2021,2021-02-04,DAL,GS,7,,GS@DAL
401267500,2021,2021-02-04,MEM,HOU,15,11,HOU@MEM
401267501,2021,2021-02-04,LAL,DEN,14,,DEN@LAL
401267502,2021,2021-02-05,CHA,UTAH,4,,UTAH@CHA
401267503,2021,2021-02-05,IND,NO,12,,NO@IND
401267504,2021,2021-02-05,ORL,CHI,22,5,CHI@ORL
401267505,2021,2021-02-05,BKN,TOR,3,28,TOR@BKN
401704779,2025,2024-11-11,HOU,WSH,11,,WSH@HOU
401267506,2021,2021-02-05,CLE,MIL,6,17,MIL@CLE
401267507,2021,2021-02-05,MIA,WSH,16,,WSH@MIA
401267508,2021,2021-02-05,OKC,MIN,21,18,MIN@OKC
401267509,2021,2021-02-05,PHX,DET,24,9,DET@PHX
401267510,2021,2021-02-05,LAC,BOS,13,2,BOS@LAC
401704780,2025,2024-11-11,NO,BKN,,3,BKN@NO
401267511,2021,2021-02-06,NY,POR,,25,POR@NY
401267512,2021,2021-02-06,SAC,DEN,26,,DEN@SAC
401267513,2021,2021-02-06,ORL,CHI,22,5,CHI@ORL
401267514,2021,2021-02-06,PHI,BKN,23,3,BKN@PHI
401267515,2021,2021-02-06,NO,MEM,,15,MEM@NO
401267516,2021,2021-02-06,ATL,TOR,1,28,TOR@ATL
401267517,2021,2021-02-06,CLE,MIL,6,17,MIL@CLE
401267518,2021,2021-02-06,HOU,SA,11,,SA@HOU
401267519,2021,2021-02-06,OKC,MIN,21,18,MIN@OKC
401704782,2025,2024-11-11,SA,SAC,,26,SAC@SA
401267520,2021,2021-02-06,DAL,GS,7,,GS@DAL
401704785,2025,2024-11-13,NY,CHI,,5,CHI@NY
401704787,2025,2024-11-13,OKC,NO,21,,NO@OKC
401267521,2021,2021-02-06,LAL,DET,14,9,DET@LAL
401704790,2025,2024-11-13,SA,WSH,,,WSH@SA
401267523,2021,2021-02-07,IND,UTAH,12,,UTAH@IND
401267524,2021,2021-02-07,NY,MIA,,16,MIA@NY
401267525,2021,2021-02-07,PHX,BOS,24,2,BOS@PHX
401267526,2021,2021-02-07,LAC,SAC,13,26,SAC@LAC
401267527,2021,2021-02-08,CHA,HOU,4,11,HOU@CHA
401267528,2021,2021-02-08,CHI,WSH,5,,WSH@CHI
401267529,2021,2021-02-08,MEM,TOR,15,28,TOR@MEM
401267530,2021,2021-02-08,DAL,MIN,7,18,MIN@DAL
401267531,2021,2021-02-08,SA,GS,,,GS@SA
401267532,2021,2021-02-08,PHX,CLE,24,6,CLE@PHX
401704794,2025,2024-11-14,UTAH,DAL,,7,DAL@UTAH
401267533,2021,2021-02-08,DEN,MIL,,17,MIL@DEN
401267534,2021,2021-02-08,LAL,OKC,14,21,OKC@LAL
401267535,2021,2021-02-09,DET,BKN,9,3,BKN@DET
401704797,2025,2024-11-16,NO,LAL,,14,LAL@NO
401267536,2021,2021-02-09,MIA,NY,16,,NY@MIA
401267537,2021,2021-02-09,NO,HOU,,11,HOU@NO
401267538,2021,2021-02-09,SA,GS,,,GS@SA
401704798,2025,2024-11-16,DAL,SA,7,,SA@DAL
401704799,2025,2024-11-16,SAC,UTAH,26,,UTAH@SAC
401267539,2021,2021-02-09,UTAH,BOS,,2,BOS@UTAH
401267540,2021,2021-02-09,POR,ORL,25,22,ORL@POR
401267541,2021,2021-02-09,SAC,PHI,26,23,PHI@SAC
401267542,2021,2021-02-10,WSH,TOR,,28,TOR@WSH
401267543,2021,2021-02-10,BKN,IND,3,12,IND@BKN
401267544,2021,2021-02-10,DAL,ATL,7,1,ATL@DAL
401704803,2025,2024-11-17,WSH,DET,,9,DET@WSH
401267545,2021,2021-02-10,CHI,NO,5,,NO@CHI
401704804,2025,2024-11-17,MEM,DEN,15,,DEN@MEM
401267546,2021,2021-02-10,MEM,CHA,15,4,CHA@MEM
401704806,2025,2024-11-17,NY,BKN,,3,BKN@NY
401267547,2021,2021-02-10,MIN,LAC,18,13,LAC@MIN
401267548,2021,2021-02-10,DEN,CLE,,6,CLE@DEN
401267549,2021,2021-02-10,PHX,MIL,24,17,MIL@PHX
401267550,2021,2021-02-10,LAL,OKC,14,21,OKC@LAL
401267551,2021,2021-02-11,DET,IND,9,12,IND@DET
401267552,2021,2021-02-11,HOU,MIA,11,16,MIA@HOU
401267553,2021,2021-02-11,GS,ORL,,22,ORL@GS
401704809,2025,2024-11-17,LAC,UTAH,13,,UTAH@LAC
401267554,2021,2021-02-11,POR,PHI,25,23,PHI@POR
401267555,2021,2021-02-12,CHA,MIN,4,18,MIN@CHA
401267556,2021,2021-02-12,WSH,NY,,,NY@WSH
401704812,2025,2024-11-18,NY,WSH,,,WSH@NY
401267557,2021,2021-02-12,ATL,SA,1,,SA@ATL
401267558,2021,2021-02-11,BOS,TOR,2,28,TOR@BOS
401267559,2021,2021-02-12,DAL,NO,7,,NO@DAL
401267560,2021,2021-02-12,CHI,LAC,5,13,LAC@CHI
401267561,2021,2021-02-12,DEN,OKC,,21,OKC@DEN
401267562,2021,2021-02-12,UTAH,MIL,,17,MIL@UTAH
401704817,2025,2024-11-18,LAC,GS,13,,GS@LAC
401267563,2021,2021-02-12,LAL,MEM,14,15,MEM@LAL
401704818,2025,2024-11-20,CLE,NO,6,,NO@CLE
401267564,2021,2021-02-12,POR,CLE,25,6,CLE@POR
401267565,2021,2021-02-12,SAC,ORL,26,22,ORL@SAC
401267566,2021,2021-02-13,PHX,PHI,24,23,PHI@PHX
401704823,2025,2024-11-20,PHX,NY,24,,NY@PHX
401704824,2025,2024-11-20,GS,ATL,,1,ATL@GS
401267567,2021,2021-02-13,ATL,IND,1,12,IND@ATL
401267568,2021,2021-02-13,NY,HOU,,11,HOU@NY
401267569,2021,2021-02-13,GS,BKN,,3,BKN@GS
401267570,2021,2021-02-13,UTAH,MIA,,16,MIA@UTAH
401704828,2025,2024-11-21,SA,UTAH,,,UTAH@SA
401267571,2021,2021-02-14,DAL,POR,7,25,POR@DAL
401267572,2021,2021-02-12,BOS,DET,2,9,DET@BOS
401267573,2021,2021-02-14,TOR,MIN,28,18,MIN@TOR
401267574,2021,2021-02-14,CHA,SA,4,,SA@CHA
401267575,2021,2021-02-14,OKC,MIL,21,17,MIL@OKC
401704830,2025,2024-11-23,UTAH,NY,,,NY@UTAH
401267576,2021,2021-02-14,DEN,LAL,,14,LAL@DEN
401267577,2021,2021-02-14,PHX,ORL,24,22,ORL@PHX
401267578,2021,2021-02-14,SAC,MEM,26,15,MEM@SAC
401267579,2021,2021-02-14,LAC,CLE,13,6,CLE@LAC
401267580,2021,2021-02-15,IND,CHI,12,5,CHI@IND
401267581,2021,2021-02-15,WSH,HOU,,11,HOU@WSH
401704835,2025,2024-11-23,SA,GS,,,GS@SA
401267582,2021,2021-02-15,NY,ATL,,1,ATL@NY
401267583,2021,2021-02-15,UTAH,PHI,,23,PHI@UTAH
401704836,2025,2024-11-23,LAL,DEN,14,,DEN@LAL
401704838,2025,2024-11-24,IND,WSH,12,,WSH@IND
401267584,2021,2021-02-15,GS,CLE,,6,CLE@GS
401267585,2021,2021-02-15,LAC,MIA,13,16,MIA@LAC
401267586,2021,2021-02-15,SAC,BKN,26,3,BKN@SAC
401267587,2021,2021-02-16,BOS,DEN,2,,DEN@BOS
401267589,2021,2021-02-16,MEM,NO,15,,NO@MEM
401267590,2021,2021-02-16,MIL,TOR,17,28,TOR@MIL
401267591,2021,2021-02-16,MIN,LAL,18,14,LAL@MIN
401267592,2021,2021-02-16,OKC,POR,21,25,POR@OKC
401704845,2025,2024-11-25,IND,NO,12,,NO@IND
401267593,2021,2021-02-16,PHX,BKN,24,3,BKN@PHX
401267596,2021,2021-02-17,ORL,NY,22,,NY@ORL
401267597,2021,2021-02-17,WSH,DEN,,,DEN@WSH
401267598,2021,2021-02-17,BOS,ATL,2,1,ATL@BOS
401267599,2021,2021-02-17,PHI,HOU,23,11,HOU@PHI
401267600,2021,2021-02-17,MIN,IND,18,12,IND@MIN
401267601,2021,2021-02-17,NO,POR,,25,POR@NO
401267603,2021,2021-02-17,GS,MIA,,16,MIA@GS
401704849,2025,2024-11-25,DEN,NY,,,NY@DEN
401267604,2021,2021-02-17,LAC,UTAH,13,,UTAH@LAC
401704850,2025,2024-11-25,GS,BKN,,3,BKN@GS
401267605,2021,2021-02-18,MIL,TOR,17,28,TOR@MIL
401267606,2021,2021-02-18,LAL,BKN,14,3,BKN@LAL
401267607,2021,2021-02-18,SAC,MIA,26,16,MIA@SAC
401267609,2021,2021-02-19,ORL,GS,22,,GS@ORL
401267610,2021,2021-02-19,PHI,CHI,23,5,CHI@PHI
401267611,2021,2021-02-19,BOS,ATL,2,1,ATL@BOS
401267612,2021,2021-02-19,MEM,DET,15,9,DET@MEM
401267613,2021,2021-02-19,MIL,OKC,17,21,OKC@MIL
401267614,2021,2021-02-19,MIN,TOR,18,28,TOR@MIN
401704857,2025,2024-11-27,WSH,LAC,,13,LAC@WSH
401267615,2021,2021-02-19,NO,PHX,,24,PHX@NO
401267617,2021,2021-02-19,LAC,UTAH,13,,UTAH@LAC
401267619,2021,2021-02-20,CHA,GS,4,,GS@CHA
401267620,2021,2021-02-20,CHI,SAC,5,26,SAC@CHI
401704858,2025,2024-11-27,DAL,NY,7,,NY@DAL
401267622,2021,2021-02-20,MEM,PHX,15,24,PHX@MEM
401267623,2021,2021-02-20,LAL,MIA,14,16,MIA@LAL
401704861,2025,2024-11-27,NO,TOR,,28,TOR@NO
401704862,2025,2024-11-27,SA,LAL,,14,LAL@SA
401704864,2025,2024-11-27,UTAH,DEN,,,DEN@UTAH
401704865,2025,2024-11-27,GS,OKC,,21,OKC@GS
401267624,2021,2021-02-20,POR,WSH,25,,WSH@POR
401267625,2021,2021-02-21,NO,BOS,,2,BOS@NO
401267626,2021,2021-02-21,CLE,OKC,6,21,OKC@CLE
401704868,2025,2024-11-30,MIL,WSH,17,,WSH@MIL
401704869,2025,2024-11-30,PHX,GS,24,,GS@PHX
401267627,2021,2021-02-21,ORL,DET,22,9,DET@ORL
401267628,2021,2021-02-21,TOR,PHI,28,23,PHI@TOR
401267629,2021,2021-02-21,NY,MIN,,18,MIN@NY
401267630,2021,2021-02-21,ATL,DEN,1,,DEN@ATL
401267631,2021,2021-02-21,MIL,SAC,17,26,SAC@MIL
401704870,2025,2024-11-30,UTAH,DAL,,7,DAL@UTAH
401704874,2025,2024-12-01,NY,NO,,,NO@NY
401267632,2021,2021-02-21,LAC,BKN,13,3,BKN@LAC
401267634,2021,2021-02-22,HOU,CHI,11,5,CHI@HOU
401267635,2021,2021-02-22,OKC,MIA,21,16,MIA@OKC
401267636,2021,2021-02-22,DAL,MEM,7,15,MEM@DAL
401267637,2021,2021-02-22,PHX,POR,24,25,POR@PHX
401267638,2021,2021-02-22,UTAH,CHA,,4,CHA@UTAH
401267639,2021,2021-02-22,LAL,WSH,14,,WSH@LAL
401704877,2025,2024-12-01,UTAH,LAL,,14,LAL@UTAH
401267640,2021,2021-02-23,CLE,ATL,6,1,ATL@CLE
401267641,2021,2021-02-23,ORL,DET,22,9,DET@ORL
401704879,2025,2024-12-01,SAC,SA,26,,SA@SAC
401704880,2025,2024-12-01,LAC,DEN,13,,DEN@LAC
401267642,2021,2021-02-23,BKN,SAC,3,26,SAC@BKN
401267643,2021,2021-02-23,NY,GS,,,GS@NY
401267644,2021,2021-02-23,TOR,PHI,28,23,PHI@TOR
401704881,2025,2024-12-02,ATL,NO,1,,NO@ATL
401267645,2021,2021-02-23,DAL,BOS,7,2,BOS@DAL
401267646,2021,2021-02-23,MIL,MIN,17,18,MIN@MIL
401267647,2021,2021-02-23,DEN,POR,,25,POR@DEN
401267648,2021,2021-02-23,LAC,WSH,13,,WSH@LAC
401267649,2021,2021-02-24,IND,GS,12,,GS@IND
401267650,2021,2021-02-24,ATL,BOS,1,2,BOS@ATL
401267651,2021,2021-02-24,CLE,HOU,6,11,HOU@CLE
401267652,2021,2021-02-24,MIA,TOR,16,28,TOR@MIA
401267653,2021,2021-02-24,CHI,MIN,5,18,MIN@CHI
401704891,2025,2024-12-05,CLE,DEN,6,,DEN@CLE
401267654,2021,2021-02-24,NO,DET,,9,DET@NO
401704892,2025,2024-12-05,WSH,DAL,,7,DAL@WSH
401704893,2025,2024-12-05,NY,CHA,,4,CHA@NY
401267655,2021,2021-02-24,OKC,SA,21,,SA@OKC
401267656,2021,2021-02-24,PHX,CHA,24,4,CHA@PHX
401267657,2021,2021-02-24,UTAH,LAL,,14,LAL@UTAH
401267658,2021,2021-02-25,PHI,DAL,23,7,DAL@PHI
401267659,2021,2021-02-25,BKN,ORL,3,22,ORL@BKN
401704896,2025,2024-12-05,NO,PHX,,24,PHX@NO
401267660,2021,2021-02-25,NY,SAC,,26,SAC@NY
401267661,2021,2021-02-25,MEM,LAC,15,13,LAC@MEM
401267662,2021,2021-02-25,DEN,WSH,,,WSH@DEN
401267663,2021,2021-02-25,MIL,NO,17,,NO@MIL
401704897,2025,2024-12-05,SA,CHI,,5,CHI@SA
401704898,2025,2024-12-05,GS,HOU,,11,HOU@GS
401267664,2021,2021-02-26,DET,SAC,9,26,SAC@DET
401267665,2021,2021-02-26,BOS,IND,2,12,IND@BOS
401267666,2021,2021-02-26,TOR,HOU,28,11,HOU@TOR
401267667,2021,2021-02-26,MIA,UTAH,16,,UTAH@MIA
401267668,2021,2021-02-26,CHI,PHX,5,24,PHX@CHI
401267669,2021,2021-02-26,MEM,LAC,15,13,LAC@MEM
401267670,2021,2021-02-26,OKC,ATL,21,1,ATL@OKC
401267671,2021,2021-02-26,GS,CHA,,4,CHA@GS
401267672,2021,2021-02-26,LAL,POR,14,25,POR@LAL
401704903,2025,2024-12-06,SA,SAC,,26,SAC@SA
401267673,2021,2021-02-27,PHI,CLE,23,6,CLE@PHI
401267674,2021,2021-02-27,SA,NO,,,NO@SA
401267675,2021,2021-02-27,NY,IND,,12,IND@NY
401267676,2021,2021-02-27,ORL,UTAH,22,,UTAH@ORL
401704904,2025,2024-12-06,GS,MIN,,18,MIN@GS
401267677,2021,2021-02-27,WSH,MIN,,18,MIN@WSH
401267678,2021,2021-02-27,OKC,DEN,21,,DEN@OKC
401267679,2021,2021-02-27,BKN,DAL,3,7,DAL@BKN
401704905,2025,2024-12-06,POR,UTAH,25,,UTAH@POR
401267680,2021,2021-02-28,MIL,LAC,17,13,LAC@MIL
401267681,2021,2021-02-28,DET,NY,9,,NY@DET
401267682,2021,2021-02-28,MIA,ATL,16,1,ATL@MIA
401704907,2025,2024-12-07,WSH,DEN,,,DEN@WSH
401704908,2025,2024-12-07,NO,OKC,,21,OKC@NO
401267684,2021,2021-02-28,BOS,WSH,2,,WSH@BOS
401267685,2021,2021-02-28,HOU,MEM,11,15,MEM@HOU
401267686,2021,2021-02-28,MIN,PHX,18,24,PHX@MIN
401267687,2021,2021-02-28,LAL,GS,14,,GS@LAL
401704909,2025,2024-12-07,NY,DET,,9,DET@NY
401267688,2021,2021-02-28,SAC,CHA,26,4,CHA@SAC
401267689,2021,2021-03-01,ORL,DAL,22,7,DAL@ORL
401267690,2021,2021-03-01,PHI,IND,23,12,IND@PHI
401267691,2021,2021-03-01,CHI,DEN,5,,DEN@CHI
401267692,2021,2021-03-01,HOU,CLE,11,6,CLE@HOU
401267693,2021,2021-03-01,NO,UTAH,,,UTAH@NO
401267694,2021,2021-03-01,SA,BKN,,3,BKN@SA
401267695,2021,2021-03-01,POR,CHA,25,4,CHA@POR
401267696,2021,2021-03-02,WSH,MEM,,15,MEM@WSH
401267697,2021,2021-03-02,BOS,LAC,2,13,LAC@BOS
401267698,2021,2021-03-02,MIA,ATL,16,1,ATL@MIA
401267700,2021,2021-03-02,MIL,DEN,17,,DEN@MIL
401267701,2021,2021-03-02,SA,NY,,,NY@SA
401267702,2021,2021-03-02,LAL,PHX,14,24,PHX@LAL
401267703,2021,2021-03-03,CLE,IND,6,12,IND@CLE
401704916,2025,2024-12-08,ATL,DEN,1,,DEN@ATL
401267704,2021,2021-03-03,ORL,ATL,22,1,ATL@ORL
401704919,2025,2024-12-08,WSH,MEM,,15,MEM@WSH
401267705,2021,2021-03-03,PHI,UTAH,23,,UTAH@PHI
401704920,2025,2024-12-08,SA,NO,,,NO@SA
401704921,2025,2024-12-08,GS,MIN,,18,MIN@GS
401267706,2021,2021-03-03,HOU,BKN,11,3,BKN@HOU
401267707,2021,2021-03-03,MIN,CHA,18,4,CHA@MIN
401267708,2021,2021-03-03,NO,CHI,,5,CHI@NO
401267709,2021,2021-03-03,DAL,OKC,7,21,OKC@DAL
401704923,2025,2024-12-08,SAC,UTAH,26,,UTAH@SAC
401267710,2021,2021-03-03,POR,GS,25,,GS@POR
401267711,2021,2021-03-03,SAC,LAL,26,14,LAL@SAC
401267712,2021,2021-03-04,BOS,TOR,2,28,TOR@BOS
401267713,2021,2021-03-04,IND,DEN,12,,DEN@IND
401704925,2025,2024-12-09,TOR,NY,28,,NY@TOR
401704926,2025,2024-12-19,DET,UTAH,9,,UTAH@DET
401267714,2021,2021-03-04,WSH,LAC,,13,LAC@WSH
401704928,2025,2024-12-19,WSH,CHA,,4,CHA@WSH
401267715,2021,2021-03-04,MEM,MIL,15,17,MIL@MEM
401267716,2021,2021-03-04,SA,OKC,,21,OKC@SA
401267717,2021,2021-03-04,NO,MIA,,16,MIA@NO
401267718,2021,2021-03-04,POR,SAC,25,26,SAC@POR
401282283,2021,2021-02-02,WSH,POR,,25,POR@WSH
401704931,2025,2024-12-19,HOU,NO,11,,NO@HOU
401282286,2021,2021-02-07,CHA,WSH,4,,WSH@CHA
401282752,2021,2021-02-14,WSH,BOS,,2,BOS@WSH
401282833,2021,2021-02-14,DET,NO,9,,NO@DET
401704932,2025,2024-12-19,MEM,GS,15,,GS@MEM
401704933,2025,2024-12-19,MIN,NY,18,,NY@MIN
401283399,2021,2021-02-17,MEM,OKC,15,21,OKC@MEM
401283400,2021,2021-03-04,PHX,GS,24,,GS@PHX
401297409,2021,2021-02-19,CLE,DEN,6,,DEN@CLE
401299015,2021,2021-02-17,CHI,DET,5,9,DET@CHI
401704936,2025,2024-12-19,SA,ATL,,1,ATL@SA
401302775,2021,2021-03-04,NY,DET,,9,DET@NY
401704937,2025,2024-12-19,POR,DEN,25,,DEN@POR
401306581,2021,2021-03-07,DUR,LEB,,,LEB@DUR
401307309,2021,2021-03-10,MEM,WSH,15,,WSH@MEM
401307310,2021,2021-03-10,DAL,SA,7,,SA@DAL
401307311,2021,2021-03-11,CHA,DET,4,9,DET@CHA
401307312,2021,2021-03-11,BKN,BOS,3,2,BOS@BKN
401307353,2021,2021-03-11,TOR,ATL,28,1,ATL@TOR
401307354,2021,2021-03-11,MIA,ORL,16,22,ORL@MIA
401307355,2021,2021-03-11,CHI,PHI,5,23,PHI@CHI
401307356,2021,2021-03-11,MIL,NY,17,,NY@MIL
401307357,2021,2021-03-11,NO,MIN,,18,MIN@NO
401307358,2021,2021-03-11,OKC,DAL,21,7,DAL@OKC
401307359,2021,2021-03-11,LAC,GS,13,,GS@LAC
401307360,2021,2021-03-11,POR,PHX,25,24,PHX@POR
401307361,2021,2021-03-11,SAC,HOU,26,11,HOU@SAC
401704945,2025,2024-12-21,BKN,UTAH,3,,UTAH@BKN
401307362,2021,2021-03-12,WSH,PHI,,23,PHI@WSH
401307363,2021,2021-03-12,MEM,DEN,15,,DEN@MEM
401704948,2025,2024-12-21,MIL,WSH,17,,WSH@MIL
401307364,2021,2021-03-12,NO,CLE,,6,CLE@NO
401307365,2021,2021-03-12,CHI,MIA,5,16,MIA@CHI
401307366,2021,2021-03-12,SA,ORL,,22,ORL@SA
401704949,2025,2024-12-21,MIN,GS,18,,GS@MIN
401704950,2025,2024-12-21,NO,NY,,,NY@NO
401307367,2021,2021-03-12,UTAH,HOU,,11,HOU@UTAH
401307368,2021,2021-03-12,LAL,IND,14,12,IND@LAL
401307369,2021,2021-03-13,OKC,NY,21,,NY@OKC
401704952,2025,2024-12-21,SA,POR,,25,POR@SA
401307370,2021,2021-03-13,BKN,DET,3,9,DET@BKN
401307371,2021,2021-03-13,CHA,TOR,4,28,TOR@CHA
401307372,2021,2021-03-13,WSH,MIL,,17,MIL@WSH
401307373,2021,2021-03-13,ATL,SAC,1,26,SAC@ATL
401307374,2021,2021-03-13,MIN,POR,18,25,POR@MIN
401307375,2021,2021-03-13,DEN,DAL,,7,DAL@DEN
401307376,2021,2021-03-13,PHX,IND,24,12,IND@PHX
401307377,2021,2021-03-14,OKC,MEM,21,15,MEM@OKC
401704956,2025,2024-12-22,NO,DEN,,,DEN@NO
401307378,2021,2021-03-14,GS,UTAH,,,UTAH@GS
401704958,2025,2024-12-23,CLE,UTAH,6,,UTAH@CLE
401307379,2021,2021-03-14,PHI,SA,23,,SA@PHI
401307380,2021,2021-03-14,ORL,MIA,22,16,MIA@ORL
401307381,2021,2021-03-14,ATL,CLE,1,6,CLE@ATL
401307382,2021,2021-03-14,HOU,BOS,11,2,BOS@HOU
401704960,2025,2024-12-23,PHI,SA,23,,SA@PHI
401307383,2021,2021-03-14,MIN,POR,18,25,POR@MIN
401307384,2021,2021-03-14,CHI,TOR,5,28,TOR@CHI
401307385,2021,2021-03-14,NO,LAC,,13,LAC@NO
401307386,2021,2021-03-15,CHA,SAC,4,26,SAC@CHA
401307387,2021,2021-03-15,WSH,MIL,,17,MIL@WSH
401704963,2025,2024-12-23,NY,TOR,,28,TOR@NY
401307388,2021,2021-03-15,BKN,NY,3,,NY@BKN
401307389,2021,2021-03-15,DET,SA,9,,SA@DET
401307390,2021,2021-03-15,DAL,LAC,7,13,LAC@DAL
401307391,2021,2021-03-15,DEN,IND,,12,IND@DEN
401704966,2025,2024-12-23,OKC,WSH,21,,WSH@OKC
401307392,2021,2021-03-15,PHX,MEM,24,15,MEM@PHX
401307393,2021,2021-03-15,GS,LAL,,14,LAL@GS
401307394,2021,2021-03-16,BOS,UTAH,2,,UTAH@BOS
401307395,2021,2021-03-16,MIA,CLE,16,6,CLE@MIA
401704968,2025,2024-12-23,DEN,PHX,,24,PHX@DEN
401704969,2025,2024-12-23,GS,IND,,12,IND@GS
401307396,2021,2021-03-16,PHI,NY,23,,NY@PHI
401307397,2021,2021-03-16,CHI,OKC,5,21,OKC@CHI
401307398,2021,2021-03-16,HOU,ATL,11,1,ATL@HOU
401307399,2021,2021-03-16,POR,NO,25,,NO@POR
401704971,2025,2024-12-25,NY,SA,,,SA@NY
401307400,2021,2021-03-16,LAL,MIN,14,18,MIN@LAL
401307401,2021,2021-03-17,DET,TOR,9,28,TOR@DET
401307402,2021,2021-03-17,IND,BKN,12,3,BKN@IND
401704974,2025,2024-12-25,GS,LAL,,14,LAL@GS
401307403,2021,2021-03-17,PHI,MIL,23,17,MIL@PHI
401704975,2025,2024-12-25,PHX,DEN,24,,DEN@PHX
401307404,2021,2021-03-17,WSH,SAC,,26,SAC@WSH
401307405,2021,2021-03-17,CLE,BOS,6,2,BOS@CLE
401307406,2021,2021-03-17,CHI,SA,5,,SA@CHI
401307407,2021,2021-03-17,HOU,GS,11,,GS@HOU
401307408,2021,2021-03-17,MEM,MIA,15,16,MIA@MEM
401307409,2021,2021-03-17,DEN,CHA,,4,CHA@DEN
401704978,2025,2024-12-26,WSH,CHA,,4,CHA@WSH
401307410,2021,2021-03-17,DAL,LAC,7,13,LAC@DAL
401704982,2025,2024-12-26,NO,HOU,,11,HOU@NO
401307411,2021,2021-03-18,WSH,UTAH,,,UTAH@WSH
401307412,2021,2021-03-18,ATL,OKC,1,21,OKC@ATL
401307413,2021,2021-03-18,NY,ORL,,22,ORL@NY
401307414,2021,2021-03-18,PHX,MIN,24,18,MIN@PHX
401307415,2021,2021-03-18,POR,NO,25,,NO@POR
401704983,2025,2024-12-26,POR,UTAH,25,,UTAH@POR
401704985,2025,2024-12-27,ORL,NY,22,,NY@ORL
401307416,2021,2021-03-18,LAL,CHA,14,4,CHA@LAL
401307417,2021,2021-03-19,BOS,SAC,2,26,SAC@BOS
401307418,2021,2021-03-19,CLE,SA,6,,SA@CLE
401704987,2025,2024-12-27,BKN,SA,3,,SA@BKN
401704989,2025,2024-12-27,NO,MEM,,15,MEM@NO
401704990,2025,2024-12-27,DEN,CLE,,6,CLE@DEN
401704992,2025,2024-12-27,LAC,GS,13,,GS@LAC
401307419,2021,2021-03-19,MIA,IND,16,12,IND@MIA
401307420,2021,2021-03-19,ORL,BKN,22,3,BKN@ORL
401307421,2021,2021-03-19,TOR,UTAH,28,,UTAH@TOR
401307422,2021,2021-03-19,HOU,DET,11,9,DET@HOU
401307423,2021,2021-03-19,MEM,GS,15,,GS@MEM
401307424,2021,2021-03-19,DEN,CHI,,5,CHI@DEN
401307425,2021,2021-03-19,PHX,MIN,24,18,MIN@PHX
401307426,2021,2021-03-19,POR,DAL,25,7,DAL@POR
401307427,2021,2021-03-20,LAL,ATL,14,1,ATL@LAL
401704995,2025,2024-12-28,WSH,NY,,,NY@WSH
401307428,2021,2021-03-20,PHI,SAC,23,26,SAC@PHI
401704997,2025,2024-12-28,GS,PHX,,24,PHX@GS
401307429,2021,2021-03-20,MEM,GS,15,,GS@MEM
401307430,2021,2021-03-20,MIL,SA,17,,SA@MIL
401307431,2021,2021-03-20,LAC,CHA,13,4,CHA@LAC
401307432,2021,2021-03-21,MIA,IND,16,12,IND@MIA
401704998,2025,2024-12-28,DEN,DET,,9,DET@DEN
401307433,2021,2021-03-21,HOU,OKC,11,21,OKC@HOU
401307434,2021,2021-03-21,DEN,NO,,,NO@DEN
401704999,2025,2024-12-28,UTAH,PHI,,23,PHI@UTAH
401307435,2021,2021-03-21,BOS,ORL,2,22,ORL@BOS
401307436,2021,2021-03-21,BKN,WSH,3,,WSH@BKN
401307437,2021,2021-03-21,CLE,TOR,6,28,TOR@CLE
401307438,2021,2021-03-21,DET,CHI,9,5,CHI@DET
401307439,2021,2021-03-21,NY,PHI,,23,PHI@NY
401307440,2021,2021-03-21,PHX,LAL,24,14,LAL@PHX
401307441,2021,2021-03-21,POR,DAL,25,7,DAL@POR
401307442,2021,2021-03-22,CLE,SAC,6,26,SAC@CLE
401307443,2021,2021-03-22,MIN,OKC,18,21,OKC@MIN
401307444,2021,2021-03-22,SA,CHA,,4,CHA@SA
401307445,2021,2021-03-22,CHI,UTAH,5,,UTAH@CHI
401307446,2021,2021-03-22,HOU,TOR,11,28,TOR@HOU
401705007,2025,2024-12-29,MIN,SA,18,,SA@MIN
401307447,2021,2021-03-22,MEM,BOS,15,2,BOS@MEM
401307448,2021,2021-03-22,MIL,IND,17,12,IND@MIL
401307449,2021,2021-03-22,LAC,ATL,13,1,ATL@LAC
401307450,2021,2021-03-23,ORL,DEN,22,,DEN@ORL
401307451,2021,2021-03-23,NY,WSH,,,WSH@NY
401307452,2021,2021-03-23,NO,LAL,,14,LAL@NO
401307453,2021,2021-03-23,MIA,PHX,16,24,PHX@MIA
401705009,2025,2024-12-30,WSH,NY,,,NY@WSH
401307454,2021,2021-03-23,GS,PHI,,23,PHI@GS
401307455,2021,2021-03-23,POR,BKN,25,3,BKN@POR
401705010,2025,2024-12-30,NO,LAC,,13,LAC@NO
401705011,2025,2024-12-30,UTAH,DEN,,,DEN@UTAH
401307456,2021,2021-03-24,IND,DET,12,9,DET@IND
401705012,2025,2024-12-30,GS,CLE,,6,CLE@GS
401307457,2021,2021-03-24,MIL,BOS,17,2,BOS@MIL
401307458,2021,2021-03-24,ORL,PHX,22,24,PHX@ORL
401307459,2021,2021-03-24,TOR,DEN,28,,DEN@TOR
401307460,2021,2021-03-24,CHI,CLE,5,6,CLE@CHI
401307461,2021,2021-03-24,HOU,CHA,11,4,CHA@HOU
401307462,2021,2021-03-24,MIN,DAL,18,7,DAL@MIN
401705017,2025,2024-12-31,SA,LAC,,13,LAC@SA
401307463,2021,2021-03-24,OKC,MEM,21,15,MEM@OKC
401307464,2021,2021-03-24,SA,LAC,,13,LAC@SA
401307465,2021,2021-03-24,UTAH,BKN,,3,BKN@UTAH
401307466,2021,2021-03-24,SAC,ATL,26,1,ATL@SAC
401307467,2021,2021-03-25,MIA,POR,16,25,POR@MIA
401307468,2021,2021-03-25,NY,WSH,,,WSH@NY
401307469,2021,2021-03-25,SA,LAC,,13,LAC@SA
401307470,2021,2021-03-25,LAL,PHI,14,23,PHI@LAL
401705022,2025,2025-01-01,WSH,CHI,,5,CHI@WSH
401307471,2021,2021-03-25,SAC,GS,26,,GS@SAC
401307472,2021,2021-03-26,DET,BKN,9,3,BKN@DET
401705023,2025,2025-01-01,MIA,NO,16,,NO@MIA
401705024,2025,2025-01-01,NY,UTAH,,,UTAH@NY
401705027,2025,2025-01-01,DEN,ATL,,1,ATL@DEN
401307473,2021,2021-03-26,TOR,PHX,28,24,PHX@TOR
401307474,2021,2021-03-26,MIL,BOS,17,2,BOS@MIL
401307475,2021,2021-03-26,CHA,MIA,4,16,MIA@CHA
401307476,2021,2021-03-26,ORL,POR,22,25,POR@ORL
401307477,2021,2021-03-26,MIN,HOU,18,11,HOU@MIN
401307478,2021,2021-03-26,NO,DEN,,,DEN@NO
401307479,2021,2021-03-26,DAL,IND,7,12,IND@DAL
401307480,2021,2021-03-26,UTAH,MEM,,15,MEM@UTAH
401307481,2021,2021-03-26,GS,ATL,,1,ATL@GS
401307482,2021,2021-03-26,LAL,CLE,14,6,CLE@LAL
401705033,2025,2025-01-02,GS,PHI,,23,PHI@GS
401307483,2021,2021-03-27,WSH,DET,,9,DET@WSH
401307484,2021,2021-03-27,MIL,NY,17,,NY@MIL
401307485,2021,2021-03-27,MIN,HOU,18,11,HOU@MIN
401307486,2021,2021-03-27,SA,CHI,,5,CHI@SA
401307487,2021,2021-03-27,NO,DAL,,7,DAL@NO
401307488,2021,2021-03-27,OKC,BOS,21,2,BOS@OKC
401705038,2025,2025-01-03,NO,WSH,,,WSH@NO
401705039,2025,2025-01-03,OKC,NY,21,,NY@OKC
401307489,2021,2021-03-27,UTAH,MEM,,15,MEM@UTAH
401307490,2021,2021-03-27,LAC,PHI,13,23,PHI@LAC
401307491,2021,2021-03-27,SAC,CLE,26,6,CLE@SAC
401307492,2021,2021-03-28,CHA,PHX,4,24,PHX@CHA
401705041,2025,2025-01-03,DEN,SA,,,SA@DEN
401307493,2021,2021-03-28,TOR,POR,28,25,POR@TOR
401307494,2021,2021-03-28,DEN,ATL,,1,ATL@DEN
401307495,2021,2021-03-28,LAL,ORL,14,22,ORL@LAL
401307496,2021,2021-03-29,WSH,IND,,12,IND@WSH
401307497,2021,2021-03-29,BOS,NO,2,,NO@BOS
401705047,2025,2025-01-04,MIA,UTAH,16,,UTAH@MIA
401307498,2021,2021-03-29,BKN,MIN,3,18,MIN@BKN
401307499,2021,2021-03-29,NY,MIA,,16,MIA@NY
401307500,2021,2021-03-29,DET,TOR,9,28,TOR@DET
401705048,2025,2025-01-04,CHI,NY,5,,NY@CHI
401307501,2021,2021-03-29,HOU,MEM,11,15,MEM@HOU
401307502,2021,2021-03-29,OKC,DAL,21,7,DAL@OKC
401307503,2021,2021-03-29,SA,SAC,,26,SAC@SA
401307504,2021,2021-03-29,UTAH,CLE,,6,CLE@UTAH
401307505,2021,2021-03-29,GS,CHI,,5,CHI@GS
401307506,2021,2021-03-29,LAC,MIL,13,17,MIL@LAC
401705050,2025,2025-01-04,SA,DEN,,,DEN@SA
401360919,2022,2022-03-25,CHA,UTAH,4,,UTAH@CHA
401360920,2022,2022-03-25,DET,WSH,9,,WSH@DET
401360921,2022,2022-03-25,ATL,GS,1,,GS@ATL
401360922,2022,2022-03-25,MIA,NY,16,,NY@MIA
401360926,2022,2022-03-26,NO,SA,,,SA@NO
401360932,2022,2022-03-26,DEN,OKC,,21,OKC@DEN
401360934,2022,2022-03-27,DET,NY,9,,NY@DET
401360936,2022,2022-03-27,WSH,GS,,,GS@WSH
401360938,2022,2022-03-27,NO,LAL,,14,LAL@NO
401360940,2022,2022-03-27,DAL,UTAH,7,,UTAH@DAL
401360941,2022,2022-03-28,CHA,DEN,4,,DEN@CHA
401360945,2022,2022-03-28,NY,CHI,,5,CHI@NY
401360947,2022,2022-03-28,HOU,SA,11,,SA@HOU
401360948,2022,2022-03-28,MEM,GS,15,,GS@MEM
401705051,2025,2025-01-04,GS,MEM,,15,MEM@GS
401307507,2021,2021-03-30,WSH,CHA,,4,CHA@WSH
401705055,2025,2025-01-05,WSH,NO,,,NO@WSH
401307508,2021,2021-03-30,DEN,PHI,,23,PHI@DEN
401307509,2021,2021-03-30,LAC,ORL,13,22,ORL@LAC
401705056,2025,2025-01-05,ORL,UTAH,22,,UTAH@ORL
401307510,2021,2021-03-30,PHX,ATL,24,1,ATL@PHX
401705058,2025,2025-01-05,GS,SAC,,26,SAC@GS
401307511,2021,2021-03-31,DET,POR,9,25,POR@DET
401307512,2021,2021-03-31,IND,MIA,12,16,MIA@IND
401307513,2021,2021-03-31,BOS,DAL,2,7,DAL@BOS
401307514,2021,2021-03-31,BKN,HOU,3,11,HOU@BKN
401307515,2021,2021-03-31,MEM,UTAH,15,,UTAH@MEM
401705062,2025,2025-01-06,NY,ORL,,22,ORL@NY
401307516,2021,2021-03-31,MIN,NY,18,,NY@MIN
401307517,2021,2021-03-31,OKC,TOR,21,28,TOR@OKC
401307518,2021,2021-03-31,SA,SAC,,26,SAC@SA
401307519,2021,2021-03-31,LAL,MIL,14,17,MIL@LAL
401307520,2021,2021-03-31,PHX,CHI,24,5,CHI@PHX
401705064,2025,2025-01-06,CHI,SA,5,,SA@CHI
401705069,2025,2025-01-07,WSH,HOU,,11,HOU@WSH
401705071,2025,2025-01-07,NO,MIN,,18,MIN@NO
401705072,2025,2025-01-07,UTAH,ATL,,1,ATL@UTAH
401705073,2025,2025-01-07,DEN,BOS,,2,BOS@DEN
401705074,2025,2025-01-07,GS,MIA,,16,MIA@GS
401307521,2021,2021-04-01,CLE,PHI,6,23,PHI@CLE
401307522,2021,2021-04-01,DET,WSH,9,,WSH@DET
401307523,2021,2021-04-01,BKN,CHA,3,4,CHA@BKN
401307524,2021,2021-04-01,MIA,GS,16,,GS@MIA
401307525,2021,2021-04-01,NO,ORL,,22,ORL@NO
401307526,2021,2021-04-01,SA,ATL,,1,ATL@SA
401307527,2021,2021-04-01,LAC,DEN,13,,DEN@LAC
401307528,2021,2021-04-02,BOS,HOU,2,11,HOU@BOS
401307529,2021,2021-04-02,NY,DAL,,7,DAL@NY
401307530,2021,2021-04-02,IND,CHA,12,4,CHA@IND
401307531,2021,2021-04-02,TOR,GS,28,,GS@TOR
401307532,2021,2021-04-02,MEM,MIN,15,18,MIN@MEM
401307533,2021,2021-04-02,NO,ATL,,1,ATL@NO
401307534,2021,2021-04-02,UTAH,CHI,,5,CHI@UTAH
401307535,2021,2021-04-02,PHX,OKC,24,21,OKC@PHX
401307536,2021,2021-04-02,POR,MIL,25,17,MIL@POR
401307537,2021,2021-04-02,SAC,LAL,26,14,LAL@SAC
401307538,2021,2021-04-03,WSH,DAL,,7,DAL@WSH
401307539,2021,2021-04-03,DET,NY,9,,NY@DET
401307540,2021,2021-04-03,MIA,CLE,16,6,CLE@MIA
401705077,2025,2025-01-08,NY,TOR,,28,TOR@NY
401705078,2025,2025-01-08,PHI,WSH,23,,WSH@PHI
401307541,2021,2021-04-03,PHI,MIN,23,18,MIN@PHI
401307542,2021,2021-04-03,SA,IND,,12,IND@SA
401307543,2021,2021-04-03,UTAH,ORL,,22,ORL@UTAH
401307544,2021,2021-04-03,POR,OKC,25,21,OKC@POR
401705080,2025,2025-01-08,NO,POR,,25,POR@NO
401307545,2021,2021-04-03,SAC,MIL,26,17,MIL@SAC
401307546,2021,2021-04-04,CHI,BKN,5,3,BKN@CHI
401307547,2021,2021-04-04,BOS,CHA,2,4,CHA@BOS
401705081,2025,2025-01-08,DEN,LAC,,13,LAC@DEN
401705082,2025,2025-01-08,MIL,SA,17,,SA@MIL
401705084,2025,2025-01-09,DET,GS,9,,GS@DET
401705089,2025,2025-01-09,UTAH,MIA,,16,MIA@UTAH
401705091,2025,2025-01-10,IND,GS,12,,GS@IND
401705093,2025,2025-01-10,PHI,NO,23,,NO@PHI
401307548,2021,2021-04-04,LAC,LAL,13,14,LAL@LAC
401307549,2021,2021-04-04,PHI,MEM,23,15,MEM@PHI
401307550,2021,2021-04-04,ATL,GS,1,,GS@ATL
401428073,2022,2022-04-13,NO,SA,,,SA@NO
401307551,2021,2021-04-04,HOU,NO,11,,NO@HOU
401428075,2022,2022-04-15,LAC,NO,13,,NO@LAC
401429872,2022,2022-04-16,DAL,UTAH,7,,UTAH@DAL
401307552,2021,2021-04-04,DEN,ORL,,22,ORL@DEN
401307553,2021,2021-04-05,TOR,WSH,28,,WSH@TOR
401429875,2022,2022-04-16,GS,DEN,,,DEN@GS
401307554,2021,2021-04-05,BKN,NY,3,,NY@BKN
401307555,2021,2021-04-05,DAL,UTAH,7,,UTAH@DAL
401307556,2021,2021-04-05,HOU,PHX,11,24,PHX@HOU
401429893,2022,2022-04-17,PHX,NO,24,,NO@PHX
401307557,2021,2021-04-05,MIN,SAC,18,26,SAC@MIN
401307558,2021,2021-04-05,OKC,DET,21,9,DET@OKC
401307559,2021,2021-04-05,SA,CLE,,6,CLE@SA
401307560,2021,2021-04-06,IND,CHI,12,5,CHI@IND
401307561,2021,2021-04-06,ATL,NO,1,,NO@ATL
401307562,2021,2021-04-06,BOS,PHI,2,23,PHI@BOS
401307563,2021,2021-04-06,TOR,LAL,28,14,LAL@TOR
401430222,2022,2022-04-19,PHX,NO,24,,NO@PHX
401307564,2021,2021-04-06,MIA,MEM,16,15,MEM@MIA
401430224,2022,2022-04-22,NO,PHX,,24,PHX@NO
401430225,2022,2022-04-24,NO,PHX,,24,PHX@NO
401430226,2022,2022-04-26,PHX,NO,24,,NO@PHX
401307565,2021,2021-04-06,DEN,DET,,9,DET@DEN
401430228,2022,2022-04-28,NO,PHX,,24,PHX@NO
401307566,2021,2021-04-06,GS,MIL,,17,MIL@GS
401307567,2021,2021-04-06,LAC,POR,13,25,POR@LAC
401430232,2022,2022-04-18,DAL,UTAH,7,,UTAH@DAL
401307568,2021,2021-04-07,IND,MIN,12,18,MIN@IND
401307569,2021,2021-04-07,ORL,WSH,22,,WSH@ORL
401430235,2022,2022-04-21,UTAH,DAL,,7,DAL@UTAH
401307570,2021,2021-04-07,BOS,NY,2,,NY@BOS
401430237,2022,2022-04-23,UTAH,DAL,,7,DAL@UTAH
401430239,2022,2022-04-25,DAL,UTAH,7,,UTAH@DAL
401307571,2021,2021-04-07,BKN,NO,3,,NO@BKN
401430241,2022,2022-04-28,UTAH,DAL,,7,DAL@UTAH
401307572,2021,2021-04-07,ATL,MEM,1,15,MEM@ATL
401307573,2021,2021-04-07,HOU,DAL,11,7,DAL@HOU
401307574,2021,2021-04-07,OKC,CHA,21,4,CHA@OKC
401430247,2022,2022-04-18,GS,DEN,,,DEN@GS
401307575,2021,2021-04-07,DEN,SA,,,SA@DEN
401307576,2021,2021-04-07,PHX,UTAH,24,,UTAH@PHX
401430250,2022,2022-04-21,DEN,GS,,,GS@DEN
401307577,2021,2021-04-08,MIA,LAL,16,14,LAL@MIA
401430253,2022,2022-04-24,DEN,GS,,,GS@DEN
401430255,2022,2022-04-27,GS,DEN,,,DEN@GS
401307578,2021,2021-04-08,OKC,CLE,21,6,CLE@OKC
401307579,2021,2021-04-08,DAL,MIL,7,17,MIL@DAL
401307580,2021,2021-04-08,UTAH,POR,,25,POR@UTAH
401307581,2021,2021-04-08,LAC,PHX,13,24,PHX@LAC
401307582,2021,2021-04-08,SAC,DET,26,9,DET@SAC
401307583,2021,2021-04-09,ORL,IND,22,12,IND@ORL
401307584,2021,2021-04-09,ATL,CHI,1,5,CHI@ATL
401307585,2021,2021-04-09,BOS,MIN,2,18,MIN@BOS
401307586,2021,2021-04-09,NY,MEM,,15,MEM@NY
401307587,2021,2021-04-10,CLE,TOR,6,28,TOR@CLE
401307588,2021,2021-04-09,NO,PHI,,23,PHI@NO
401307589,2021,2021-04-09,MIL,CHA,17,4,CHA@MIL
401307590,2021,2021-04-09,DEN,SA,,,SA@DEN
401307591,2021,2021-04-09,GS,WSH,,,WSH@GS
401307592,2021,2021-04-09,LAC,HOU,13,11,HOU@LAC
401307593,2021,2021-04-10,BKN,LAL,3,14,LAL@BKN
401307594,2021,2021-04-10,OKC,PHI,21,23,PHI@OKC
401307595,2021,2021-04-10,UTAH,SAC,,26,SAC@UTAH
401307596,2021,2021-04-10,GS,HOU,,11,HOU@GS
401307597,2021,2021-04-10,PHX,WSH,24,,WSH@PHX
401434770,2022,2022-05-01,MEM,GS,15,,GS@MEM
401434771,2022,2022-05-03,MEM,GS,15,,GS@MEM
401434772,2022,2022-05-07,GS,MEM,,15,MEM@GS
401434773,2022,2022-05-09,GS,MEM,,15,MEM@GS
401434774,2022,2022-05-11,MEM,GS,15,,GS@MEM
401434775,2022,2022-05-13,GS,MEM,,15,MEM@GS
401307598,2021,2021-04-10,POR,DET,25,9,DET@POR
401307599,2021,2021-04-11,CHA,ATL,4,1,ATL@CHA
401307600,2021,2021-04-11,DEN,BOS,,2,BOS@DEN
401307601,2021,2021-04-11,CLE,NO,6,,NO@CLE
401307602,2021,2021-04-11,ORL,MIL,22,17,MIL@ORL
401307603,2021,2021-04-11,NY,TOR,,28,TOR@NY
401307604,2021,2021-04-11,DAL,SA,7,,SA@DAL
401438944,2022,2022-05-18,GS,DAL,,7,DAL@GS
401438945,2022,2022-05-20,GS,DAL,,7,DAL@GS
401438946,2022,2022-05-22,DAL,GS,7,,GS@DAL
401438947,2022,2022-05-24,DAL,GS,7,,GS@DAL
401438948,2022,2022-05-26,GS,DAL,,7,DAL@GS
401442530,2022,2022-06-02,GS,BOS,,2,BOS@GS
401442531,2022,2022-06-05,GS,BOS,,2,BOS@GS
401442532,2022,2022-06-08,BOS,GS,2,,GS@BOS
401442533,2022,2022-06-10,BOS,GS,2,,GS@BOS
401442534,2022,2022-06-13,GS,BOS,,2,BOS@GS
401442535,2022,2022-06-16,BOS,GS,2,,GS@BOS
401705095,2025,2025-01-10,NY,OKC,,21,OKC@NY
401705096,2025,2025-01-10,CHI,WSH,5,,WSH@CHI
401705097,2025,2025-01-10,DEN,BKN,,3,BKN@DEN
401705099,2025,2025-01-11,PHX,UTAH,24,,UTAH@PHX
401705105,2025,2025-01-12,NY,MIL,,17,MIL@NY
401705106,2025,2025-01-12,DAL,DEN,7,,DEN@DAL
401705108,2025,2025-01-12,BOS,NO,2,,NO@BOS
401705111,2025,2025-01-12,WSH,OKC,,21,OKC@WSH
401705112,2025,2025-01-12,UTAH,BKN,,3,BKN@UTAH
401705114,2025,2025-01-13,WSH,MIN,,18,MIN@WSH
401705115,2025,2025-01-13,NY,DET,,9,DET@NY
401705116,2025,2025-01-13,TOR,GS,28,,GS@TOR
401705118,2025,2025-01-13,LAL,SA,14,,SA@LAL
401705123,2025,2025-01-14,CHI,NO,5,,NO@CHI
401705125,2025,2025-01-14,DAL,DEN,7,,DEN@DAL
401705127,2025,2025-01-15,PHI,NY,23,,NY@PHI
401705131,2025,2025-01-15,MIN,GS,18,,GS@MIN
401705132,2025,2025-01-15,NO,DAL,,7,DAL@NO
401705133,2025,2025-01-15,SA,MEM,,15,MEM@SA
401705134,2025,2025-01-15,DEN,HOU,,11,HOU@DEN
401705135,2025,2025-01-15,UTAH,CHA,,4,CHA@UTAH
401705139,2025,2025-01-16,WSH,PHX,,24,PHX@WSH
401705144,2025,2025-01-17,NY,MIN,,18,MIN@NY
401705145,2025,2025-01-17,MIA,DEN,16,,DEN@MIA
401705147,2025,2025-01-17,NO,UTAH,,,UTAH@NO
401705148,2025,2025-01-17,SA,MEM,,15,MEM@SA
401705155,2025,2025-01-18,GS,WSH,,,WSH@GS
401705158,2025,2025-01-19,MIA,SA,16,,SA@MIA
401705159,2025,2025-01-19,ORL,DEN,22,,DEN@ORL
401705164,2025,2025-01-19,SAC,WSH,26,,WSH@SAC
401705168,2025,2025-01-20,NY,ATL,,1,ATL@NY
401705170,2025,2025-01-20,GS,BOS,,2,BOS@GS
401705171,2025,2025-01-20,NO,UTAH,,,UTAH@NO
401705172,2025,2025-01-21,BKN,NY,3,,NY@BKN
401705175,2025,2025-01-21,DEN,PHI,,23,PHI@DEN
401705176,2025,2025-01-21,LAL,WSH,14,,WSH@LAL
401705184,2025,2025-01-22,OKC,UTAH,21,,UTAH@OKC
401705185,2025,2025-01-22,SAC,GS,26,,GS@SAC
401705187,2025,2025-01-23,IND,SA,12,,SA@IND
401705192,2025,2025-01-23,DEN,SAC,,26,SAC@DEN
401705193,2025,2025-03-19,UTAH,WSH,,,WSH@UTAH
401705194,2025,2025-01-23,GS,CHI,,5,CHI@GS
401705198,2025,2025-01-24,MEM,NO,15,,NO@MEM
401705199,2025,2025-01-25,SA,IND,,12,IND@SA
401705200,2025,2025-01-25,MIN,DEN,18,,DEN@MIN
401705203,2025,2025-01-25,CHA,NO,4,,NO@CHA
401705207,2025,2025-01-25,NY,SAC,,26,SAC@NY
401705209,2025,2025-01-25,MEM,UTAH,15,,UTAH@MEM
401705210,2025,2025-01-25,GS,LAL,,14,LAL@GS
401705211,2025,2025-01-25,PHX,WSH,24,,WSH@PHX
401705219,2025,2025-01-27,NY,MEM,,15,MEM@NY
401705220,2025,2025-01-27,TOR,NO,28,,NO@TOR
401705221,2025,2025-01-27,CHI,DEN,5,,DEN@CHI
401705223,2025,2025-01-27,DAL,WSH,7,,WSH@DAL
401705224,2025,2025-01-27,UTAH,MIL,,17,MIL@UTAH
401705227,2025,2025-01-28,GS,UTAH,,,UTAH@GS
401705231,2025,2025-01-29,WSH,TOR,,28,TOR@WSH
401705234,2025,2025-01-29,NY,DEN,,,DEN@NY
401705236,2025,2025-01-29,NO,DAL,,7,DAL@NO
401705237,2025,2025-01-29,SA,LAC,,13,LAC@SA
401705239,2025,2025-01-29,GS,OKC,,21,OKC@GS
401705240,2025,2025-01-30,WSH,LAL,,14,LAL@WSH
401705243,2025,2025-01-30,UTAH,MIN,,18,MIN@UTAH
401705247,2025,2025-01-31,PHI,DEN,23,,DEN@PHI
401705249,2025,2025-01-31,NO,BOS,,2,BOS@NO
401705250,2025,2025-01-31,SA,MIL,,17,MIL@SA
401705251,2025,2025-01-31,GS,PHX,,24,PHX@GS
401705253,2025,2025-02-01,UTAH,ORL,,22,ORL@UTAH
401705254,2025,2025-02-01,CHA,DEN,4,,DEN@CHA
401705256,2025,2025-02-01,MIN,WSH,18,,WSH@MIN
401705258,2025,2025-02-01,NY,LAL,,14,LAL@NY
401705259,2025,2025-02-01,SA,MIA,,16,MIA@SA
401705266,2025,2025-02-03,CHA,WSH,4,,WSH@CHA
401705268,2025,2025-02-03,NY,HOU,,11,HOU@NY
401705269,2025,2025-02-03,MEM,SA,15,,SA@MEM
401705272,2025,2025-02-03,DEN,NO,,,NO@DEN
401705273,2025,2025-02-03,UTAH,IND,,12,IND@UTAH
401705274,2025,2025-02-03,GS,ORL,,22,ORL@GS
401705279,2025,2025-02-04,TOR,NY,28,,NY@TOR
401705285,2025,2025-02-05,ATL,SA,1,,SA@ATL
401705286,2025,2025-02-05,BKN,WSH,3,,WSH@BKN
401705291,2025,2025-02-05,UTAH,GS,,,GS@UTAH
401705292,2025,2025-02-05,DEN,NO,,,NO@DEN
401705296,2025,2025-02-06,DEN,ORL,,22,ORL@DEN
401705297,2025,2025-02-06,LAL,GS,14,,GS@LAL
401705300,2025,2025-02-07,CHA,SA,4,,SA@CHA
401705301,2025,2025-02-07,WSH,CLE,,6,CLE@WSH
401705306,2025,2025-02-07,PHX,UTAH,24,,UTAH@PHX
401705309,2025,2025-02-08,ORL,SA,22,,SA@ORL
401705310,2025,2025-02-08,WSH,ATL,,1,ATL@WSH
401705311,2025,2025-02-08,CHI,GS,5,,GS@CHI
401705314,2025,2025-02-08,NY,BOS,,2,BOS@NY
401705315,2025,2025-02-08,PHX,DEN,24,,DEN@PHX
401705316,2025,2025-02-08,SAC,NO,26,,NO@SAC
401705317,2025,2025-02-08,LAC,UTAH,13,,UTAH@LAC
401705323,2025,2025-02-10,WSH,SA,,,SA@WSH
401705326,2025,2025-02-10,MIL,GS,17,,GS@MIL
401705327,2025,2025-02-10,OKC,NO,21,,NO@OKC
401705329,2025,2025-02-10,DEN,POR,,25,POR@DEN
401705331,2025,2025-02-11,IND,NY,12,,NY@IND
401705334,2025,2025-02-10,LAL,UTAH,14,,UTAH@LAL
401705335,2025,2025-02-12,BOS,SA,2,,SA@BOS
401705337,2025,2025-02-12,WSH,IND,,12,IND@WSH
401705339,2025,2025-02-12,NY,ATL,,1,ATL@NY
401705343,2025,2025-02-12,NO,SAC,,26,SAC@NO
401705346,2025,2025-02-12,DEN,POR,,25,POR@DEN
401705347,2025,2025-02-12,UTAH,LAL,,14,LAL@UTAH
401705348,2025,2025-02-12,DAL,GS,7,,GS@DAL
401705350,2025,2025-02-13,HOU,GS,11,,GS@HOU
401705351,2025,2025-02-13,NO,SAC,,26,SAC@NO
401705358,2025,2025-02-20,NY,CHI,,5,CHI@NY
401705360,2025,2025-02-20,DEN,CHA,,4,CHA@DEN
401705361,2025,2025-02-20,SA,PHX,,24,PHX@SA
401705363,2025,2025-02-21,CLE,NY,6,,NY@CLE
401705365,2025,2025-02-21,WSH,MIL,,17,MIL@WSH
401705368,2025,2025-02-21,SA,DET,,9,DET@SA
401705369,2025,2025-02-21,DAL,NO,7,,NO@DAL
401705370,2025,2025-02-21,UTAH,OKC,,21,OKC@UTAH
401705371,2025,2025-02-21,SAC,GS,26,,GS@SAC
401705374,2025,2025-02-22,DEN,LAL,,14,LAL@DEN
401705375,2025,2025-02-22,UTAH,HOU,,11,HOU@UTAH
401705377,2025,2025-02-23,BOS,NY,2,,NY@BOS
401705378,2025,2025-02-23,GS,DAL,,7,DAL@GS
401705381,2025,2025-02-23,ORL,WSH,22,,WSH@ORL
401705384,2025,2025-02-23,NO,SA,,,SA@NO
401705388,2025,2025-02-24,IND,DEN,12,,DEN@IND
401705390,2025,2025-02-24,WSH,BKN,,3,BKN@WSH
401705393,2025,2025-02-24,UTAH,POR,,25,POR@UTAH
401705399,2025,2025-02-25,NO,SA,,,SA@NO
401705400,2025,2025-02-25,GS,CHA,,4,CHA@GS
401705404,2025,2025-02-26,NY,PHI,,23,PHI@NY
401705405,2025,2025-02-26,WSH,POR,,25,POR@WSH
401705409,2025,2025-02-26,UTAH,SAC,,26,SAC@UTAH
401705410,2025,2025-02-26,HOU,SA,11,,SA@HOU
401705411,2025,2025-02-27,ORL,GS,22,,GS@ORL
401705412,2025,2025-02-27,MIL,DEN,17,,DEN@MIL
401705414,2025,2025-02-27,PHX,NO,24,,NO@PHX
401705416,2025,2025-02-28,DET,DEN,9,,DEN@DET
401705422,2025,2025-02-28,MEM,NY,15,,NY@MEM
401705423,2025,2025-02-28,PHX,NO,24,,NO@PHX
401705424,2025,2025-02-28,UTAH,MIN,,18,MIN@UTAH
401705426,2025,2025-03-01,CHA,WSH,4,,WSH@CHA
401705429,2025,2025-03-01,MEM,SA,15,,SA@MEM
401705430,2025,2025-03-01,PHI,GS,23,,GS@PHI
401705432,2025,2025-03-02,BOS,DEN,2,,DEN@BOS
401705435,2025,2025-03-02,MIA,NY,16,,NY@MIA
401705437,2025,2025-03-02,SA,OKC,,21,OKC@SA
401705438,2025,2025-03-02,UTAH,NO,,,NO@UTAH
401705441,2025,2025-03-03,CHA,GS,4,,GS@CHA
401705443,2025,2025-03-03,MIA,WSH,16,,WSH@MIA
401705447,2025,2025-03-03,UTAH,DET,,9,DET@UTAH
401705451,2025,2025-03-04,NY,GS,,,GS@NY
401705454,2025,2025-03-04,SA,BKN,,3,BKN@SA
401705456,2025,2025-03-04,LAL,NO,14,,NO@LAL
401705460,2025,2025-03-05,WSH,UTAH,,,UTAH@WSH
401705462,2025,2025-03-05,DEN,SAC,,26,SAC@DEN
401705467,2025,2025-03-06,BKN,GS,3,,GS@BKN
401705468,2025,2025-03-06,NO,HOU,,11,HOU@NO
401705469,2025,2025-03-06,LAL,NY,14,,NY@LAL
401705471,2025,2025-03-07,TOR,UTAH,28,,UTAH@TOR
401705475,2025,2025-03-07,DEN,PHX,,24,PHX@DEN
401705476,2025,2025-03-07,SAC,SA,26,,SA@SAC
401705477,2025,2025-03-07,LAC,NY,13,,NY@LAC
401705479,2025,2025-03-08,HOU,NO,11,,NO@HOU
401705481,2025,2025-03-08,TOR,WSH,28,,WSH@TOR
401705485,2025,2025-03-08,GS,DET,,9,DET@GS
401705486,2025,2025-03-09,OKC,DEN,21,,DEN@OKC
401705489,2025,2025-03-09,NO,MEM,,15,MEM@NO
401705490,2025,2025-03-09,PHI,UTAH,23,,UTAH@PHI
401705491,2025,2025-03-09,MIN,SA,18,,SA@MIN
401705495,2025,2025-03-10,BOS,UTAH,2,,UTAH@BOS
401705498,2025,2025-03-10,TOR,WSH,28,,WSH@TOR
401705502,2025,2025-03-10,OKC,DEN,21,,DEN@OKC
401705503,2025,2025-03-10,SA,DAL,,7,DAL@SA
401705504,2025,2025-03-10,GS,POR,,25,POR@GS
401705505,2025,2025-03-10,SAC,NY,26,,NY@SAC
401705507,2025,2025-03-11,DET,WSH,9,,WSH@DET
401705509,2025,2025-03-11,NO,LAC,,13,LAC@NO
401705516,2025,2025-03-12,MEM,UTAH,15,,UTAH@MEM
401705517,2025,2025-03-12,SA,DAL,,7,DAL@SA
401705518,2025,2025-03-12,DEN,MIN,,18,MIN@DEN
401705519,2025,2025-03-12,POR,NY,25,,NY@POR
401705520,2025,2025-03-13,DET,WSH,9,,WSH@DET
401705523,2025,2025-03-13,GS,SAC,,26,SAC@GS
401705530,2025,2025-03-14,SA,CHA,,4,CHA@SA
401705531,2025,2025-03-14,DEN,LAL,,14,LAL@DEN
401705532,2025,2025-03-14,UTAH,TOR,,28,TOR@UTAH
401705539,2025,2025-03-15,SA,NO,,,NO@SA
401705540,2025,2025-03-15,GS,NY,,,NY@GS
401705541,2025,2025-03-15,DEN,WSH,,,WSH@DEN
401705547,2025,2025-03-16,MIN,UTAH,18,,UTAH@MIN
401705549,2025,2025-01-23,LAC,WSH,13,,WSH@LAC
401705550,2025,2025-03-17,NY,MIA,,16,MIA@NY
401705553,2025,2025-03-17,NO,DET,,9,DET@NO
401705554,2025,2025-04-01,SA,ORL,,22,ORL@SA
401705555,2025,2025-03-17,UTAH,CHI,,5,CHI@UTAH
401705556,2025,2025-03-17,GS,DEN,,,DEN@GS
401705561,2025,2025-03-17,POR,WSH,25,,WSH@POR
401705567,2025,2025-03-19,MIN,NO,18,,NO@MIN
401705569,2025,2025-03-19,SA,NY,,,NY@SA
401705570,2025,2025-02-13,UTAH,LAC,,13,LAC@UTAH
401705571,2025,2025-03-20,GS,TOR,,28,TOR@GS
401705572,2025,2025-03-19,LAL,DEN,14,,DEN@LAL
401705576,2025,2025-03-20,CHA,NY,4,,NY@CHA
401705578,2025,2025-03-18,GS,MIL,,17,MIL@GS
401705580,2025,2025-03-21,WSH,ORL,,22,ORL@WSH
401705582,2025,2025-03-21,MIN,NO,18,,NO@MIN
401705584,2025,2025-03-21,SA,PHI,,23,PHI@SA
401705586,2025,2025-03-21,UTAH,BOS,,2,BOS@UTAH
401705588,2025,2025-03-21,POR,DEN,25,,DEN@POR
401705591,2025,2025-03-22,ATL,GS,1,,GS@ATL
401705592,2025,2025-03-22,NY,WSH,,,WSH@NY
401705625,2025,2025-03-27,CLE,SA,6,,SA@CLE
401705627,2025,2025-03-27,WSH,IND,,12,IND@WSH
401705631,2025,2025-03-27,UTAH,HOU,,11,HOU@UTAH
401705641,2025,2025-03-29,WSH,BKN,,3,BKN@WSH
401705646,2025,2025-03-29,SA,BOS,,2,BOS@SA
401705664,2025,2025-04-01,NY,PHI,,23,PHI@NY
401705666,2025,2025-04-01,MEM,GS,15,,GS@MEM
401705668,2025,2025-04-01,DEN,MIN,,18,MIN@DEN
401705702,2025,2025-04-06,ATL,UTAH,1,,UTAH@ATL
401705703,2025,2025-04-06,BOS,WSH,2,,WSH@BOS
401705705,2025,2025-04-06,POR,SA,25,,SA@POR
401705706,2025,2025-04-06,NY,PHX,,24,PHX@NY
401705707,2025,2025-03-13,NO,ORL,,22,ORL@NO
401705708,2025,2025-04-06,DEN,IND,,12,IND@DEN
401705709,2025,2025-04-06,GS,HOU,,11,HOU@GS
401705714,2025,2025-04-08,IND,WSH,12,,WSH@IND
401705716,2025,2025-04-08,BKN,NO,3,,NO@BKN
401705717,2025,2025-04-08,NY,BOS,,2,BOS@NY
401705720,2025,2025-04-08,PHX,GS,24,,GS@PHX
401705721,2025,2025-04-08,LAC,SA,13,,SA@LAC
401705741,2025,2025-04-11,NY,CLE,,6,CLE@NY
401705742,2025,2025-04-11,CHI,WSH,5,,WSH@CHI
401705743,2025,2025-04-11,NO,MIA,,16,MIA@NO
401705746,2025,2025-04-11,DEN,MEM,,15,MEM@DEN
401705747,2025,2025-04-11,UTAH,OKC,,21,OKC@UTAH
401705748,2025,2025-04-11,PHX,SA,24,,SA@PHX
401705749,2025,2025-04-11,POR,GS,25,,GS@POR
401734904,2025,2024-12-11,NY,ATL,,1,ATL@NY
401734905,2025,2024-12-11,HOU,GS,11,,GS@HOU
401736801,2025,2024-12-12,NO,SAC,,26,SAC@NO
401736802,2025,2024-12-13,CLE,WSH,6,,WSH@CLE
401736807,2025,2024-12-13,DEN,LAC,,13,LAC@DEN
401736808,2025,2024-12-13,UTAH,PHX,,24,PHX@UTAH
401736809,2025,2024-12-13,POR,SA,25,,SA@POR
401736810,2025,2024-12-15,IND,NO,12,,NO@IND
401736811,2025,2024-12-15,WSH,BOS,,2,BOS@WSH
401736812,2025,2024-12-15,SA,MIN,,18,MIN@SA
401736819,2025,2024-12-16,SAC,DEN,26,,DEN@SAC
401736820,2025,2024-12-16,LAC,UTAH,13,,UTAH@LAC
401737902,2025,2024-12-15,ORL,NY,22,,NY@ORL
401737912,2025,2024-12-15,GS,DAL,,7,DAL@GS
401752955,2025,2025-02-16,CHK,KEN,,,KEN@CHK
401752956,2025,2025-02-16,SHQ,CAN,,,CAN@SHQ
401752957,2025,2025-02-16,CHK,SHQ,,,SHQ@CHK
401754705,2025,2025-03-17,LAL,SA,14,,SA@LAL
401754706,2025,2025-04-06,NO,MIL,,17,MIL@NO
401810013,2026,2025-11-03,BOS,UTAH,2,,UTAH@BOS
401810014,2026,2025-11-03,NY,WSH,,,WSH@NY
401810017,2026,2025-11-03,DEN,SAC,,26,SAC@DEN
401810023,2026,2025-11-04,NO,CHA,,4,CHA@NO
401810024,2026,2025-11-04,GS,PHX,,24,PHX@GS
401810027,2026,2025-11-05,DET,UTAH,9,,UTAH@DET
401810029,2026,2025-11-05,BOS,WSH,2,,WSH@BOS
401810030,2026,2025-11-05,NY,MIN,,18,MIN@NY
401810032,2026,2025-11-05,DAL,NO,7,,NO@DAL
401810033,2026,2025-11-05,DEN,MIA,,16,MIA@DEN
401810034,2026,2025-11-05,LAL,SA,14,,SA@LAL
401810036,2026,2025-11-05,SAC,GS,26,,GS@SAC
401810038,2026,2025-11-08,WSH,DAL,,7,DAL@WSH
401810043,2026,2025-11-08,SA,NO,,,NO@SA
401810044,2026,2025-11-08,DEN,IND,,12,IND@DEN
401810047,2026,2025-11-09,NY,BKN,,3,BKN@NY
401810051,2026,2025-11-09,GS,IND,,12,IND@GS
401810054,2026,2025-11-10,DET,WSH,9,,WSH@DET
401810057,2026,2025-11-10,CHI,SA,5,,SA@CHI
401810059,2026,2025-11-10,PHX,NO,24,,NO@PHX
401810060,2026,2025-11-10,UTAH,MIN,,18,MIN@UTAH
401810063,2026,2025-11-11,NY,MEM,,15,MEM@NY
401810065,2026,2025-11-11,OKC,GS,21,,GS@OKC
401810066,2026,2025-11-11,UTAH,IND,,12,IND@UTAH
401810067,2026,2025-11-11,SAC,DEN,26,,DEN@SAC
401810070,2026,2025-11-12,NY,ORL,,22,ORL@NY
401810073,2026,2025-11-12,HOU,WSH,11,,WSH@HOU
401810074,2026,2025-11-12,NO,POR,,25,POR@NO
401810075,2026,2025-11-12,SA,GS,,,GS@SA
401810079,2026,2025-11-12,LAC,DEN,13,,DEN@LAC
401810082,2026,2025-11-13,UTAH,ATL,,1,ATL@UTAH
401810087,2026,2025-11-15,MIN,DEN,18,,DEN@MIN
401809234,2026,2025-10-22,NY,CLE,,6,CLE@NY
401809235,2026,2025-10-22,DAL,SA,7,,SA@DAL
401809237,2026,2025-10-23,GS,DEN,,,DEN@GS
401809244,2026,2025-10-21,LAL,GS,14,,GS@LAL
401809246,2026,2025-10-27,MIN,DEN,18,,DEN@MIN
401809505,2026,2025-10-31,CHI,NY,5,,NY@CHI
401809507,2026,2025-10-31,PHX,UTAH,24,,UTAH@PHX
401809508,2026,2025-10-31,POR,DEN,25,,DEN@POR
401809509,2026,2025-10-31,LAC,NO,13,,NO@LAC
401809511,2026,2025-11-07,WSH,CLE,,6,CLE@WSH
401809774,2026,2025-11-07,SA,HOU,,11,HOU@SA
401809778,2026,2025-11-07,MIN,UTAH,18,,UTAH@MIN
401809779,2026,2025-11-07,DEN,GS,,,GS@DEN
401809781,2026,2025-11-14,NY,MIA,,16,MIA@NY
401809787,2026,2025-11-14,NO,LAL,,14,LAL@NO
401809789,2026,2025-11-14,SA,GS,,,GS@SA
401809938,2026,2025-10-22,MEM,NO,15,,NO@MEM
401809939,2026,2025-10-22,MIL,WSH,17,,WSH@MIL
401809940,2026,2025-10-22,UTAH,LAC,,13,LAC@UTAH
401809945,2026,2025-10-24,NY,BOS,,2,BOS@NY
401809949,2026,2025-10-24,NO,SA,,,SA@NO
401809950,2026,2025-10-24,DAL,WSH,7,,WSH@DAL
401809952,2026,2025-10-24,POR,GS,25,,GS@POR
401809953,2026,2025-10-24,SAC,UTAH,26,,UTAH@SAC
401809959,2026,2025-10-25,DEN,PHX,,24,PHX@DEN
401809960,2026,2025-10-26,SA,BKN,,3,BKN@SA
401809963,2026,2025-10-26,MIA,NY,16,,NY@MIA
401809964,2026,2025-10-26,WSH,CHA,,4,CHA@WSH
401809972,2026,2025-10-27,NO,BOS,,2,BOS@NO
401809973,2026,2025-10-27,SA,TOR,,28,TOR@SA
401809975,2026,2025-10-27,UTAH,PHX,,24,PHX@UTAH
401809976,2026,2025-10-27,GS,MEM,,15,MEM@GS
401809978,2026,2025-10-28,WSH,PHI,,23,PHI@WSH
401809980,2026,2025-10-28,MIL,NY,17,,NY@MIL
401809982,2026,2025-10-28,GS,LAC,,13,LAC@GS
401809989,2026,2025-10-29,DEN,NO,,,NO@DEN
401809990,2026,2025-10-29,UTAH,POR,,25,POR@UTAH
401307605,2021,2021-04-11,MEM,IND,15,12,IND@MEM
401307606,2021,2021-04-11,MIN,CHI,18,5,CHI@MIN
401307607,2021,2021-04-11,LAC,DET,13,9,DET@LAC
401307608,2021,2021-04-11,POR,MIA,25,16,MIA@POR
401307609,2021,2021-04-12,NY,LAL,,14,LAL@NY
401307610,2021,2021-04-12,ORL,SA,22,,SA@ORL
401307612,2021,2021-04-12,DAL,PHI,7,23,PHI@DAL
401307613,2021,2021-04-12,MEM,CHI,15,5,CHI@MEM
401307614,2021,2021-04-12,NO,SAC,,26,SAC@NO
401307615,2021,2021-04-12,UTAH,WSH,,,WSH@UTAH
401307616,2021,2021-04-12,GS,DEN,,,DEN@GS
401307617,2021,2021-04-12,PHX,HOU,24,11,HOU@PHX
401307618,2021,2021-04-13,IND,LAC,12,13,LAC@IND
401307619,2021,2021-04-13,TOR,ATL,28,1,ATL@TOR
401307620,2021,2021-04-13,CHA,LAL,4,14,LAL@CHA
401307621,2021,2021-04-13,UTAH,OKC,,21,OKC@UTAH
401307622,2021,2021-04-13,PHX,MIA,24,16,MIA@PHX
401307623,2021,2021-04-13,POR,BOS,25,2,BOS@POR
401307624,2021,2021-04-14,CHA,CLE,4,6,CLE@CHA
401307625,2021,2021-04-14,PHI,BKN,23,3,BKN@PHI
401307626,2021,2021-04-14,TOR,SA,28,,SA@TOR
401307627,2021,2021-04-14,DET,LAC,9,13,LAC@DET
401307628,2021,2021-04-14,CHI,ORL,5,22,ORL@CHI
401307629,2021,2021-04-14,MIN,MIL,18,17,MIL@MIN
401307630,2021,2021-04-14,NO,NY,,,NY@NO
401307631,2021,2021-04-14,HOU,IND,11,12,IND@HOU
401307632,2021,2021-04-14,OKC,GS,21,,GS@OKC
401307633,2021,2021-04-14,MEM,DAL,15,7,DAL@MEM
401307634,2021,2021-04-14,DEN,MIA,,16,MIA@DEN
401307635,2021,2021-04-14,SAC,WSH,26,,WSH@SAC
401307636,2021,2021-04-15,ATL,MIL,1,17,MIL@ATL
401307637,2021,2021-04-15,CLE,GS,6,,GS@CLE
401307638,2021,2021-04-15,LAL,BOS,14,2,BOS@LAL
401307639,2021,2021-04-15,PHX,SAC,24,26,SAC@PHX
401307640,2021,2021-04-16,UTAH,IND,,12,IND@UTAH
401307641,2021,2021-04-16,DET,OKC,9,21,OKC@DET
401307642,2021,2021-04-16,PHI,LAC,23,13,LAC@PHI
401307643,2021,2021-04-16,WSH,NO,,,NO@WSH
401307644,2021,2021-04-16,BKN,CHA,3,4,CHA@BKN
401307645,2021,2021-04-16,TOR,ORL,28,22,ORL@TOR
401307646,2021,2021-04-16,CHI,MEM,5,15,MEM@CHI
401307647,2021,2021-04-16,HOU,DEN,11,,DEN@HOU
401307648,2021,2021-04-16,MIN,MIA,18,16,MIA@MIN
401307649,2021,2021-04-16,SA,POR,,25,POR@SA
401307650,2021,2021-04-16,DAL,NY,7,,NY@DAL
401307651,2021,2021-04-17,LAL,UTAH,14,,UTAH@LAL
401307652,2021,2021-04-17,WSH,DET,,9,DET@WSH
401307653,2021,2021-04-17,CHI,CLE,5,6,CLE@CHI
401307654,2021,2021-04-17,BOS,GS,2,,GS@BOS
401307655,2021,2021-04-17,MIL,MEM,17,15,MEM@MIL
401307656,2021,2021-04-17,PHX,SA,24,,SA@PHX
401307657,2021,2021-04-18,ATL,IND,1,12,IND@ATL
401307658,2021,2021-04-18,NY,NO,,,NO@NY
401307659,2021,2021-04-18,MIA,BKN,16,3,BKN@MIA
401307660,2021,2021-04-18,CHA,POR,4,25,POR@CHA
401307661,2021,2021-04-18,ORL,HOU,22,11,HOU@ORL
401307662,2021,2021-04-18,TOR,OKC,28,21,OKC@TOR
401307663,2021,2021-04-18,DAL,SAC,7,26,SAC@DAL
401307664,2021,2021-04-18,LAC,MIN,13,18,MIN@LAC
401307665,2021,2021-04-19,DET,CLE,9,6,CLE@DET
401307666,2021,2021-04-19,BOS,CHI,2,5,CHI@BOS
401307667,2021,2021-04-19,PHI,GS,23,,GS@PHI
401307668,2021,2021-04-19,IND,SA,12,,SA@IND
401307669,2021,2021-04-19,MIA,HOU,16,11,HOU@MIA
401307670,2021,2021-04-19,WSH,OKC,,21,OKC@WSH
401307671,2021,2021-04-19,MIL,PHX,17,24,PHX@MIL
401307672,2021,2021-04-19,DEN,MEM,,15,MEM@DEN
401307673,2021,2021-04-19,LAL,UTAH,14,,UTAH@LAL
401307674,2021,2021-04-20,ATL,ORL,1,22,ORL@ATL
401307675,2021,2021-04-20,NY,CHA,,4,CHA@NY
401307676,2021,2021-04-20,NO,BKN,,3,BKN@NO
401307677,2021,2021-04-20,POR,LAC,25,13,LAC@POR
401307678,2021,2021-04-20,SAC,MIN,26,18,MIN@SAC
401307679,2021,2021-04-21,CLE,CHI,6,5,CHI@CLE
401307680,2021,2021-04-21,IND,OKC,12,21,OKC@IND
401307681,2021,2021-04-21,PHI,PHX,23,24,PHX@PHI
401307682,2021,2021-04-21,WSH,GS,,,GS@WSH
401307683,2021,2021-04-21,NY,ATL,,1,ATL@NY
401307684,2021,2021-04-21,TOR,BKN,28,3,BKN@TOR
401307685,2021,2021-04-21,HOU,UTAH,11,,UTAH@HOU
401307686,2021,2021-04-21,DAL,DET,7,9,DET@DAL
401307687,2021,2021-04-21,SA,MIA,,16,MIA@SA
401307688,2021,2021-04-21,LAC,MEM,13,15,MEM@LAC
401307689,2021,2021-04-21,POR,DEN,25,,DEN@POR
401307690,2021,2021-04-21,SAC,MIN,26,18,MIN@SAC
401307691,2021,2021-04-22,BOS,PHX,2,24,PHX@BOS
401307692,2021,2021-04-22,ORL,NO,22,,NO@ORL
401307693,2021,2021-04-22,MIL,PHI,17,23,PHI@MIL
401307694,2021,2021-04-22,SA,DET,,9,DET@SA
401307695,2021,2021-04-22,CHI,CHA,5,4,CHA@CHI
401307696,2021,2021-04-22,DAL,LAL,7,14,LAL@DAL
401307697,2021,2021-04-23,ATL,MIA,1,16,MIA@ATL
401307698,2021,2021-04-23,BKN,BOS,3,2,BOS@BKN
401307699,2021,2021-04-23,CHA,CLE,4,6,CLE@CHA
401307700,2021,2021-04-23,HOU,LAC,11,13,LAC@HOU
401307701,2021,2021-04-23,OKC,WSH,21,,WSH@OKC
401307702,2021,2021-04-23,GS,DEN,,,DEN@GS
401307703,2021,2021-04-23,POR,MEM,25,15,MEM@POR
401307704,2021,2021-04-24,NY,TOR,,28,TOR@NY
401307705,2021,2021-04-24,MIL,PHI,17,23,PHI@MIL
401307706,2021,2021-04-24,IND,DET,12,9,DET@IND
401307707,2021,2021-04-24,MIA,CHI,16,5,CHI@MIA
401307708,2021,2021-04-24,NO,SA,,,SA@NO
401307709,2021,2021-04-24,DAL,LAL,7,14,LAL@DAL
401307710,2021,2021-04-24,UTAH,MIN,,18,MIN@UTAH
401307711,2021,2021-04-24,DEN,HOU,,11,HOU@DEN
401307712,2021,2021-04-25,CHA,BOS,4,2,BOS@CHA
401307713,2021,2021-04-25,BKN,PHX,3,24,PHX@BKN
401307714,2021,2021-04-25,POR,MEM,25,15,MEM@POR
401307715,2021,2021-04-25,WSH,CLE,,6,CLE@WSH
401307716,2021,2021-04-25,ATL,MIL,1,17,MIL@ATL
401307717,2021,2021-04-25,ORL,IND,22,12,IND@ORL
401307718,2021,2021-04-25,GS,SAC,,26,SAC@GS
401307719,2021,2021-04-26,DET,ATL,9,1,ATL@DET
401307720,2021,2021-04-26,ORL,LAL,22,14,LAL@ORL
401307721,2021,2021-04-26,PHI,OKC,23,21,OKC@PHI
401307722,2021,2021-04-26,WSH,SA,,,SA@WSH
401307723,2021,2021-04-26,NY,PHX,,24,PHX@NY
401307724,2021,2021-04-26,MIA,CHI,16,5,CHI@MIA
401307725,2021,2021-04-26,TOR,CLE,28,6,CLE@TOR
401307726,2021,2021-04-26,MIN,UTAH,18,,UTAH@MIN
401307727,2021,2021-04-26,NO,LAC,,13,LAC@NO
401307728,2021,2021-04-26,DEN,MEM,,15,MEM@DEN
401307729,2021,2021-04-26,SAC,DAL,26,7,DAL@SAC
401307730,2021,2021-04-27,BOS,OKC,2,21,OKC@BOS
401307731,2021,2021-04-27,CHA,MIL,4,17,MIL@CHA
401307732,2021,2021-04-27,IND,POR,12,25,POR@IND
401307733,2021,2021-04-27,TOR,BKN,28,3,BKN@TOR
401307734,2021,2021-04-27,HOU,MIN,11,18,MIN@HOU
401307735,2021,2021-04-27,GS,DAL,,7,DAL@GS
401307736,2021,2021-04-28,CLE,ORL,6,22,ORL@CLE
401307737,2021,2021-04-28,PHI,ATL,23,1,ATL@PHI
401307738,2021,2021-04-28,WSH,LAL,,14,LAL@WSH
401307739,2021,2021-04-28,BOS,CHA,2,4,CHA@BOS
401307740,2021,2021-04-28,NY,CHI,,5,CHI@NY
401307741,2021,2021-04-28,MIA,SA,16,,SA@MIA
401307742,2021,2021-04-28,MEM,POR,15,25,POR@MEM
401307743,2021,2021-04-28,DEN,NO,,,NO@DEN
401307744,2021,2021-04-28,PHX,LAC,24,13,LAC@PHX
401307745,2021,2021-04-28,SAC,UTAH,26,,UTAH@SAC
401307746,2021,2021-04-29,DET,DAL,9,7,DAL@DET
401307747,2021,2021-04-29,IND,BKN,12,3,BKN@IND
401307748,2021,2021-04-29,HOU,MIL,11,17,MIL@HOU
401307749,2021,2021-04-29,MIN,GS,18,,GS@MIN
401307750,2021,2021-04-29,OKC,NO,21,,NO@OKC
401307751,2021,2021-04-29,DEN,TOR,,28,TOR@DEN
401307752,2021,2021-04-30,PHI,ATL,23,1,ATL@PHI
401307753,2021,2021-04-30,BOS,SA,2,,SA@BOS
401307754,2021,2021-04-30,CLE,WSH,6,,WSH@CLE
401307755,2021,2021-04-30,BKN,POR,3,25,POR@BKN
401307756,2021,2021-04-30,MEM,ORL,15,22,ORL@MEM
401307757,2021,2021-04-30,CHI,MIL,5,17,MIL@CHI
401307758,2021,2021-04-30,PHX,UTAH,24,,UTAH@PHX
401307759,2021,2021-04-30,LAL,SAC,14,26,SAC@LAL
401307760,2021,2021-05-01,CHA,DET,4,9,DET@CHA
401307761,2021,2021-05-01,HOU,GS,11,,GS@HOU
401307762,2021,2021-05-01,ATL,CHI,1,5,CHI@ATL
401307763,2021,2021-05-01,CLE,MIA,6,16,MIA@CLE
401307764,2021,2021-05-01,ORL,MEM,22,15,MEM@ORL
401307765,2021,2021-05-01,MIN,NO,18,,NO@MIN
401307766,2021,2021-05-01,OKC,IND,21,12,IND@OKC
401307767,2021,2021-05-01,DAL,WSH,7,,WSH@DAL
401307768,2021,2021-05-01,UTAH,TOR,,28,TOR@UTAH
401307769,2021,2021-05-01,LAC,DEN,13,,DEN@LAC
401307770,2021,2021-05-02,MIL,BKN,17,3,BKN@MIL
401307771,2021,2021-05-02,BOS,POR,2,25,POR@BOS
401307772,2021,2021-05-02,CHA,MIA,4,16,MIA@CHA
401307773,2021,2021-05-02,DAL,SAC,7,26,SAC@DAL
401307774,2021,2021-05-02,HOU,NY,11,,NY@HOU
401307775,2021,2021-05-02,OKC,PHX,21,24,PHX@OKC
401307776,2021,2021-05-02,SA,PHI,,23,PHI@SA
401307777,2021,2021-05-02,LAL,TOR,14,28,TOR@LAL
401307778,2021,2021-05-03,DET,ORL,9,22,ORL@DET
401307779,2021,2021-05-03,WSH,IND,,12,IND@WSH
401307780,2021,2021-05-03,NO,GS,,,GS@NO
401307781,2021,2021-05-03,ATL,POR,1,25,POR@ATL
401307782,2021,2021-05-03,CHI,PHI,5,23,PHI@CHI
401307783,2021,2021-05-03,MEM,NY,15,,NY@MEM
401307784,2021,2021-05-03,UTAH,SA,,,SA@UTAH
401307785,2021,2021-05-03,LAL,DEN,14,,DEN@LAL
401307786,2021,2021-05-04,CLE,PHX,6,24,PHX@CLE
401307787,2021,2021-05-04,DET,CHA,9,4,CHA@DET
401307788,2021,2021-05-04,MIL,BKN,17,3,BKN@MIL
401307789,2021,2021-05-04,MIA,DAL,16,7,DAL@MIA
401307790,2021,2021-05-04,NO,GS,,,GS@NO
401307791,2021,2021-05-04,OKC,SAC,21,26,SAC@OKC
401307792,2021,2021-05-04,LAC,TOR,13,28,TOR@LAC
401307793,2021,2021-05-05,CLE,POR,6,25,POR@CLE
401307794,2021,2021-05-05,ORL,BOS,22,2,BOS@ORL
401307795,2021,2021-05-05,ATL,PHX,1,24,PHX@ATL
401307796,2021,2021-05-05,IND,SAC,12,26,SAC@IND
401307797,2021,2021-05-05,HOU,PHI,11,23,PHI@HOU
401307798,2021,2021-05-05,MIL,WSH,17,,WSH@MIL
401307799,2021,2021-05-05,MIN,MEM,18,15,MEM@MIN
401307800,2021,2021-05-05,DEN,NY,,,NY@DEN
401307801,2021,2021-05-05,UTAH,SA,,,SA@UTAH
401307802,2021,2021-05-06,CHA,CHI,4,5,CHI@CHA
401307803,2021,2021-05-06,DAL,BKN,7,3,BKN@DAL
401307804,2021,2021-05-06,DET,MEM,9,15,MEM@DET
401307805,2021,2021-05-06,IND,ATL,12,1,ATL@IND
401307806,2021,2021-05-06,TOR,WSH,28,,WSH@TOR
401307807,2021,2021-05-06,GS,OKC,,21,OKC@GS
401307808,2021,2021-05-06,LAC,LAL,13,14,LAL@LAC
401307809,2021,2021-05-07,PHI,NO,23,,NO@PHI
401307810,2021,2021-05-07,CHI,BOS,5,2,BOS@CHI
401307811,2021,2021-05-07,CHA,ORL,4,22,ORL@CHA
401307812,2021,2021-05-07,MIA,MIN,16,18,MIN@MIA
401307813,2021,2021-05-07,MIL,HOU,17,11,HOU@MIL
401307814,2021,2021-05-07,DAL,CLE,7,6,CLE@DAL
401307815,2021,2021-05-07,UTAH,DEN,,,DEN@UTAH
401307816,2021,2021-05-07,PHX,NY,24,,NY@PHX
401307817,2021,2021-05-07,POR,LAL,25,14,LAL@POR
401307818,2021,2021-05-07,SAC,SA,26,,SA@SAC
401307819,2021,2021-05-08,TOR,MEM,28,15,MEM@TOR
401307820,2021,2021-05-08,IND,WSH,12,,WSH@IND
401307821,2021,2021-05-08,PHI,DET,23,9,DET@PHI
401307822,2021,2021-05-08,DEN,BKN,,3,BKN@DEN
401307823,2021,2021-05-08,UTAH,HOU,,11,HOU@UTAH
401307824,2021,2021-05-08,GS,OKC,,21,OKC@GS
401307825,2021,2021-05-08,POR,SA,25,,SA@POR
401307826,2021,2021-05-09,BOS,MIA,2,16,MIA@BOS
401307827,2021,2021-05-09,LAC,NY,13,,NY@LAC
401307828,2021,2021-05-09,CHA,NO,4,,NO@CHA
401307829,2021,2021-05-09,CLE,DAL,6,7,DAL@CLE
401307830,2021,2021-05-09,ORL,MIN,22,18,MIN@ORL
401307831,2021,2021-05-09,DET,CHI,9,5,CHI@DET
401307832,2021,2021-05-09,LAL,PHX,14,24,PHX@LAL
401307833,2021,2021-05-09,SAC,OKC,26,21,OKC@SAC
401307834,2021,2021-05-10,CLE,IND,6,12,IND@CLE
401307835,2021,2021-05-10,ATL,WSH,1,,WSH@ATL
401307836,2021,2021-05-10,MEM,NO,15,,NO@MEM
401307837,2021,2021-05-10,SA,MIL,,17,MIL@SA
401307838,2021,2021-05-10,GS,UTAH,,,UTAH@GS
401307839,2021,2021-05-10,POR,HOU,25,11,HOU@POR
401307840,2021,2021-05-11,BOS,MIA,2,16,MIA@BOS
401307841,2021,2021-05-11,CHA,DEN,4,,DEN@CHA
401307842,2021,2021-05-11,DET,MIN,9,18,MIN@DET
401307843,2021,2021-05-11,TOR,LAC,28,13,LAC@TOR
401307844,2021,2021-05-11,IND,PHI,12,23,PHI@IND
401307845,2021,2021-05-11,CHI,BKN,5,3,BKN@CHI
401307846,2021,2021-05-11,MEM,DAL,15,7,DAL@MEM
401307847,2021,2021-05-11,MIL,ORL,17,22,ORL@MIL
401307848,2021,2021-05-11,GS,PHX,,24,PHX@GS
401307849,2021,2021-05-11,SAC,OKC,26,21,OKC@SAC
401307850,2021,2021-05-11,LAL,NY,14,,NY@LAL
401307851,2021,2021-05-12,ATL,WSH,1,,WSH@ATL
401307852,2021,2021-05-12,BKN,SA,3,,SA@BKN
401307853,2021,2021-05-12,CLE,BOS,6,2,BOS@CLE
401307854,2021,2021-05-12,DAL,NO,7,,NO@DAL
401307855,2021,2021-05-12,UTAH,POR,,25,POR@UTAH
401307856,2021,2021-05-12,LAL,HOU,14,11,HOU@LAL
401307857,2021,2021-05-13,CHA,LAC,4,13,LAC@CHA
401307858,2021,2021-05-13,IND,MIL,12,17,MIL@IND
401307859,2021,2021-05-13,ATL,ORL,1,22,ORL@ATL
401307860,2021,2021-05-13,MIA,PHI,16,23,PHI@MIA
401307861,2021,2021-05-13,NY,SA,,,SA@NY
401307862,2021,2021-05-13,CHI,TOR,5,28,TOR@CHI
401307863,2021,2021-05-13,MEM,SAC,15,26,SAC@MEM
401307864,2021,2021-05-13,MIN,DEN,18,,DEN@MIN
401307865,2021,2021-05-13,PHX,POR,24,25,POR@PHX
401307866,2021,2021-05-14,WSH,CLE,,6,CLE@WSH
401307867,2021,2021-05-14,DET,DEN,9,,DEN@DET
401307868,2021,2021-05-14,PHI,ORL,23,22,ORL@PHI
401307869,2021,2021-05-14,OKC,UTAH,21,,UTAH@OKC
401307870,2021,2021-05-14,DAL,TOR,7,28,TOR@DAL
401307871,2021,2021-05-14,HOU,LAC,11,13,LAC@HOU
401307872,2021,2021-05-14,MEM,SAC,15,26,SAC@MEM
401307873,2021,2021-05-14,GS,NO,,,NO@GS
401307874,2021,2021-05-15,BKN,CHI,3,5,CHI@BKN
401307875,2021,2021-05-15,IND,LAL,12,14,LAL@IND
401307876,2021,2021-05-15,MIL,MIA,17,16,MIA@MIL
401307877,2021,2021-05-15,MIN,BOS,18,2,BOS@MIN
401307878,2021,2021-05-15,NY,CHA,,4,CHA@NY
401307879,2021,2021-05-15,SA,PHX,,24,PHX@SA
401307880,2021,2021-05-16,ATL,HOU,1,11,HOU@ATL
401307881,2021,2021-05-16,BKN,CLE,3,6,CLE@BKN
401307882,2021,2021-05-16,CHI,MIL,5,17,MIL@CHI
401307883,2021,2021-05-16,DET,MIA,9,16,MIA@DET
401307884,2021,2021-05-16,GS,MEM,,15,MEM@GS
401307885,2021,2021-05-16,MIN,DAL,18,7,DAL@MIN
401307886,2021,2021-05-16,NO,LAL,,14,LAL@NO
401307887,2021,2021-05-16,NY,BOS,,2,BOS@NY
401307888,2021,2021-05-16,OKC,LAC,21,13,LAC@OKC
401307889,2021,2021-05-16,PHI,ORL,23,22,ORL@PHI
401307890,2021,2021-05-16,POR,DEN,25,,DEN@POR
401307891,2021,2021-05-16,SAC,UTAH,26,,UTAH@SAC
401307892,2021,2021-05-16,SA,PHX,,24,PHX@SA
401307893,2021,2021-05-16,TOR,IND,28,12,IND@TOR
401307894,2021,2021-05-16,WSH,CHA,,4,CHA@WSH
401309754,2021,2021-03-03,TOR,DET,28,9,DET@TOR
401313155,2021,2021-04-08,TOR,CHI,28,5,CHI@TOR
401320524,2021,2021-04-13,MIN,BKN,18,3,BKN@MIN
401326988,2021,2021-05-18,IND,CHA,12,4,CHA@IND
401326989,2021,2021-05-18,BOS,WSH,2,,WSH@BOS
401326990,2021,2021-05-19,MEM,SA,15,,SA@MEM
401326991,2021,2021-05-19,LAL,GS,14,,GS@LAL
401326993,2021,2021-05-20,WSH,IND,,12,IND@WSH
401326994,2021,2021-05-21,GS,MEM,,15,MEM@GS
401327714,2021,2021-05-22,BKN,BOS,3,2,BOS@BKN
401327715,2021,2021-05-22,MIL,MIA,17,16,MIA@MIL
401327716,2021,2021-05-22,LAC,DAL,13,7,DAL@LAC
401327717,2021,2021-05-22,DEN,POR,,25,POR@DEN
401327718,2021,2021-05-23,PHI,WSH,23,,WSH@PHI
401327719,2021,2021-05-23,NY,ATL,,1,ATL@NY
401327720,2021,2021-05-23,PHX,LAL,24,14,LAL@PHX
401327721,2021,2021-05-23,UTAH,MEM,,15,MEM@UTAH
401327864,2021,2021-05-26,UTAH,MEM,,15,MEM@UTAH
401327865,2021,2021-05-25,PHX,LAL,24,14,LAL@PHX
401327866,2021,2021-05-27,LAL,PHX,14,24,PHX@LAL
401327867,2021,2021-05-30,LAL,PHX,14,24,PHX@LAL
401327868,2021,2021-05-24,DEN,POR,,25,POR@DEN
401327869,2021,2021-05-27,POR,DEN,25,,DEN@POR
401327870,2021,2021-05-29,POR,DEN,25,,DEN@POR
401327871,2021,2021-05-25,LAC,DAL,13,7,DAL@LAC
401327872,2021,2021-05-28,DAL,LAC,7,13,LAC@DAL
401327873,2021,2021-05-30,DAL,LAC,7,13,LAC@DAL
401327874,2021,2021-05-26,PHI,WSH,23,,WSH@PHI
401327875,2021,2021-05-25,BKN,BOS,3,2,BOS@BKN
401327876,2021,2021-05-28,BOS,BKN,2,3,BKN@BOS
401327877,2021,2021-05-30,BOS,BKN,2,3,BKN@BOS
401327878,2021,2021-05-24,MIL,MIA,17,16,MIA@MIL
401327879,2021,2021-05-27,MIA,MIL,16,17,MIL@MIA
401327880,2021,2021-05-29,MIA,MIL,16,17,MIL@MIA
401327881,2021,2021-05-26,NY,ATL,,1,ATL@NY
401327882,2021,2021-05-28,ATL,NY,1,,NY@ATL
401327883,2021,2021-05-30,ATL,NY,1,,NY@ATL
401327884,2021,2021-06-02,NY,ATL,,1,ATL@NY
401333058,2021,2021-06-08,UTAH,LAC,,13,LAC@UTAH
401333059,2021,2021-06-10,UTAH,LAC,,13,LAC@UTAH
401333060,2021,2021-06-12,LAC,UTAH,13,,UTAH@LAC
401333061,2021,2021-06-14,LAC,UTAH,13,,UTAH@LAC
401333062,2021,2021-06-16,UTAH,LAC,,13,LAC@UTAH
401333063,2021,2021-06-18,LAC,UTAH,13,,UTAH@LAC
401337333,2021,2021-06-20,PHX,LAC,24,13,LAC@PHX
401337334,2021,2021-06-22,PHX,LAC,24,13,LAC@PHX
401337335,2021,2021-06-24,LAC,PHX,13,24,PHX@LAC
401337336,2021,2021-06-26,LAC,PHX,13,24,PHX@LAC
401337337,2021,2021-06-28,PHX,LAC,24,13,LAC@PHX
401337338,2021,2021-06-30,LAC,PHX,13,24,PHX@LAC
401337340,2021,2021-06-23,MIL,ATL,17,1,ATL@MIL
401337341,2021,2021-06-25,MIL,ATL,17,1,ATL@MIL
401337342,2021,2021-06-27,ATL,MIL,1,17,MIL@ATL
401337343,2021,2021-06-29,ATL,MIL,1,17,MIL@ATL
401337344,2021,2021-07-01,MIL,ATL,17,1,ATL@MIL
401337345,2021,2021-07-03,ATL,MIL,1,17,MIL@ATL
401344135,2021,2021-07-06,PHX,MIL,24,17,MIL@PHX
401344136,2021,2021-07-08,PHX,MIL,24,17,MIL@PHX
401344137,2021,2021-07-11,MIL,PHX,17,24,PHX@MIL
401344138,2021,2021-07-14,MIL,PHX,17,24,PHX@MIL
401344139,2021,2021-07-17,PHX,MIL,24,17,MIL@PHX
401344140,2021,2021-07-20,MIL,PHX,17,24,PHX@MIL
401266794,2021,2020-12-25,MIA,NO,16,,NO@MIA
401266795,2021,2020-12-25,DEN,LAC,,13,LAC@DEN
401266796,2021,2020-12-23,PHX,DAL,24,7,DAL@PHX
401266797,2021,2020-12-25,MIL,GS,17,,GS@MIL
401266798,2021,2020-12-25,BOS,BKN,2,3,BKN@BOS
401266799,2021,2020-12-25,LAL,DAL,14,7,DAL@LAL
401266804,2021,2020-12-23,BOS,MIL,2,17,MIL@BOS
401266805,2021,2020-12-22,BKN,GS,3,,GS@BKN
401266806,2021,2020-12-22,LAL,LAC,14,13,LAC@LAL
401267150,2021,2020-12-23,CLE,CHA,6,4,CHA@CLE
401267151,2021,2020-12-23,IND,NY,12,,NY@IND
401267152,2021,2020-12-23,ORL,MIA,22,16,MIA@ORL
401267173,2021,2020-12-23,PHI,WSH,23,,WSH@PHI
401267174,2021,2020-12-23,TOR,NO,28,,NO@TOR
401267175,2021,2020-12-23,CHI,ATL,5,1,ATL@CHI
401267177,2021,2020-12-23,MEM,SA,15,,SA@MEM
401267178,2021,2020-12-23,MIN,DET,18,9,DET@MIN
401267179,2021,2020-12-23,DEN,SAC,,26,SAC@DEN
401267180,2021,2020-12-23,POR,UTAH,25,,UTAH@POR
401267181,2021,2020-12-26,MEM,ATL,15,1,ATL@MEM
401267182,2021,2020-12-26,CHA,OKC,4,21,OKC@CHA
401267183,2021,2020-12-26,DET,CLE,9,6,CLE@DET
401267184,2021,2020-12-26,WSH,ORL,,22,ORL@WSH
401267185,2021,2020-12-26,NY,PHI,,23,PHI@NY
401267186,2021,2020-12-26,CHI,IND,5,12,IND@CHI
401267187,2021,2020-12-26,SA,TOR,,28,TOR@SA
401267188,2021,2020-12-26,UTAH,MIN,,18,MIN@UTAH
401267189,2021,2020-12-26,POR,HOU,25,11,HOU@POR
401327890,2021,2021-06-01,BKN,BOS,3,2,BOS@BKN
401327893,2021,2021-05-29,WSH,PHI,,23,PHI@WSH
401327894,2021,2021-05-31,WSH,PHI,,23,PHI@WSH
401327895,2021,2021-06-02,PHI,WSH,23,,WSH@PHI
401327898,2021,2021-06-02,LAC,DAL,13,7,DAL@LAC
401327899,2021,2021-06-04,DAL,LAC,7,13,LAC@DAL
401327900,2021,2021-06-06,LAC,DAL,13,7,DAL@LAC
401327901,2021,2021-06-01,DEN,POR,,25,POR@DEN
401327902,2021,2021-06-03,POR,DEN,25,,DEN@POR
401327904,2021,2021-06-01,PHX,LAL,24,14,LAL@PHX
401327905,2021,2021-06-03,LAL,PHX,14,24,PHX@LAL
401327907,2021,2021-05-29,MEM,UTAH,15,,UTAH@MEM
401327908,2021,2021-05-31,MEM,UTAH,15,,UTAH@MEM
401327909,2021,2021-06-02,UTAH,MEM,,15,MEM@UTAH
401332290,2021,2021-06-05,BKN,MIL,3,17,MIL@BKN
401332409,2021,2021-06-07,BKN,MIL,3,17,MIL@BKN
401332410,2021,2021-06-07,PHX,DEN,24,,DEN@PHX
401332840,2021,2021-06-06,PHI,ATL,23,1,ATL@PHI
401332953,2021,2021-06-08,PHI,ATL,23,1,ATL@PHI
401332954,2021,2021-06-11,ATL,PHI,1,23,PHI@ATL
401332955,2021,2021-06-14,ATL,PHI,1,23,PHI@ATL
401332956,2021,2021-06-16,PHI,ATL,23,1,ATL@PHI
401332957,2021,2021-06-18,ATL,PHI,1,23,PHI@ATL
401332958,2021,2021-06-20,PHI,ATL,23,1,ATL@PHI
401332959,2021,2021-06-10,MIL,BKN,17,3,BKN@MIL
401332960,2021,2021-06-13,MIL,BKN,17,3,BKN@MIL
401332961,2021,2021-06-15,BKN,MIL,3,17,MIL@BKN
401332962,2021,2021-06-17,MIL,BKN,17,3,BKN@MIL
401332963,2021,2021-06-19,BKN,MIL,3,17,MIL@BKN
401332964,2021,2021-06-09,PHX,DEN,24,,DEN@PHX
401332965,2021,2021-06-11,DEN,PHX,,24,PHX@DEN
401332966,2021,2021-06-13,DEN,PHX,,24,PHX@DEN
401360951,2022,2022-03-29,WSH,CHI,,5,CHI@WSH
401360954,2022,2022-03-29,LAC,UTAH,13,,UTAH@LAC
401360956,2022,2022-03-30,IND,DEN,12,,DEN@IND
401360957,2022,2022-03-30,WSH,ORL,,22,ORL@WSH
401360959,2022,2022-03-30,NY,CHA,,4,CHA@NY
401360963,2022,2022-03-30,SA,MEM,,15,MEM@SA
401360964,2022,2022-03-30,GS,PHX,,24,PHX@GS
401360965,2022,2022-03-30,POR,NO,25,,NO@POR
401360969,2022,2022-03-31,UTAH,LAL,,14,LAL@UTAH
401360971,2022,2022-04-01,WSH,DAL,,7,DAL@WSH
401360977,2022,2022-04-01,SA,POR,,25,POR@SA
401360978,2022,2022-04-01,DEN,MIN,,18,MIN@DEN
401360979,2022,2022-04-01,LAL,NO,14,,NO@LAL
401360981,2022,2022-04-02,NY,CLE,,6,CLE@NY
401360984,2022,2022-04-02,GS,UTAH,,,UTAH@GS
401360985,2022,2022-04-03,BOS,WSH,2,,WSH@BOS
401360987,2022,2022-04-03,LAL,DEN,14,,DEN@LAL
401360990,2022,2022-04-03,ORL,NY,22,,NY@ORL
401360994,2022,2022-04-03,SA,POR,,25,POR@SA
401360995,2022,2022-04-03,SAC,GS,26,,GS@SAC
401360996,2022,2022-04-03,LAC,NO,13,,NO@LAC
401361003,2022,2022-04-05,MIN,WSH,18,,WSH@MIN
401361005,2022,2022-04-05,DEN,SA,,,SA@DEN
401361006,2022,2022-04-05,UTAH,MEM,,15,MEM@UTAH
401361007,2022,2022-04-05,SAC,NO,26,,NO@SAC
401361010,2022,2022-04-06,NY,BKN,,3,BKN@NY
401361011,2022,2022-04-06,ATL,WSH,1,,WSH@ATL
401361013,2022,2022-04-06,UTAH,OKC,,21,OKC@UTAH
401361018,2022,2022-04-07,MIN,SA,18,,SA@MIN
401361019,2022,2022-04-07,NO,POR,,25,POR@NO
401361020,2022,2022-04-07,DEN,MEM,,15,MEM@DEN
401361021,2022,2022-04-07,GS,LAL,,14,LAL@GS
401361023,2022,2022-04-08,WSH,NY,,,NY@WSH
401361029,2022,2022-04-08,UTAH,PHX,,24,PHX@UTAH
401361032,2022,2022-04-09,MEM,NO,15,,NO@MEM
401361034,2022,2022-04-09,SA,GS,,,GS@SA
401361036,2022,2022-04-10,CHA,WSH,4,,WSH@CHA
401361038,2022,2022-04-10,DAL,SA,7,,SA@DAL
401361039,2022,2022-04-10,DEN,LAL,,14,LAL@DEN
401361044,2022,2022-04-10,NO,GS,,,GS@NO
401361045,2022,2022-04-10,NY,TOR,,28,TOR@NY
401361049,2022,2022-04-10,POR,UTAH,25,,UTAH@POR
401401133,2022,2022-01-10,POR,BKN,25,3,BKN@POR
401401134,2022,2022-01-26,BKN,DEN,3,,DEN@BKN
401401136,2022,2022-02-17,BKN,WSH,3,,WSH@BKN
401401137,2022,2022-01-25,PHI,NO,23,,NO@PHI
401401138,2022,2022-01-11,CHI,DET,5,9,DET@CHI
401401140,2022,2022-01-26,CHI,TOR,5,28,TOR@CHI
401401141,2022,2022-02-03,TOR,CHI,28,5,CHI@TOR
401401142,2022,2022-03-04,TOR,ORL,28,22,ORL@TOR
401401143,2022,2022-02-03,SA,MIA,,16,MIA@SA
401401144,2022,2022-03-07,DEN,GS,,,GS@DEN
401401145,2022,2022-03-31,ATL,CLE,1,6,CLE@ATL
401410564,2022,2022-02-20,LEB,DUR,,,DUR@LEB
401468017,2023,2022-10-18,GS,LAL,,14,LAL@GS
401468019,2023,2022-10-19,IND,WSH,12,,WSH@IND
401468021,2023,2022-10-19,BKN,NO,3,,NO@BKN
401468024,2023,2022-10-19,MEM,NY,15,,NY@MEM
401468026,2023,2022-10-19,SA,CHA,,4,CHA@SA
401468027,2023,2022-10-19,UTAH,DEN,,,DEN@UTAH
401468172,2023,2022-10-21,CHA,NO,4,,NO@CHA
401468173,2023,2022-10-21,IND,SA,12,,SA@IND
401468174,2023,2022-10-21,WSH,CHI,,5,CHI@WSH
401468178,2023,2022-10-21,NY,DET,,9,DET@NY
401468180,2023,2022-10-21,MIN,UTAH,18,,UTAH@MIN
401468181,2023,2022-10-21,GS,DEN,,,DEN@GS
401468183,2023,2022-10-22,PHI,SA,23,,SA@PHI
401468190,2023,2022-10-22,DEN,OKC,,21,OKC@DEN
401468194,2023,2022-10-23,CLE,WSH,6,,WSH@CLE
401468195,2023,2022-10-23,NO,UTAH,,,UTAH@NO
401468197,2023,2022-10-23,GS,SAC,,26,SAC@GS
401468201,2023,2022-10-24,NY,ORL,,22,ORL@NY
401468203,2023,2022-10-24,HOU,UTAH,11,,UTAH@HOU
401468205,2023,2022-10-24,MIN,SA,18,,SA@MIN
401468206,2023,2022-10-24,POR,DEN,25,,DEN@POR
401468207,2023,2022-10-25,WSH,DET,,9,DET@WSH
401468208,2023,2022-10-25,NO,DAL,,7,DAL@NO
401468210,2023,2022-10-25,PHX,GS,24,,GS@PHX
401468213,2023,2022-10-26,NY,CHA,,4,CHA@NY
401468217,2023,2022-10-26,MIN,SA,18,,SA@MIN
401468218,2023,2022-10-26,UTAH,HOU,,11,HOU@UTAH
401468219,2023,2022-10-26,DEN,LAL,,14,LAL@DEN
401468223,2023,2022-10-27,GS,MIA,,16,MIA@GS
401468229,2023,2022-10-28,WSH,IND,,12,IND@WSH
401468230,2023,2022-10-28,MIL,NY,17,,NY@MIL
401468232,2023,2022-10-28,SA,CHI,,5,CHI@SA
401468233,2023,2022-10-28,DEN,UTAH,,,UTAH@DEN
401468234,2023,2022-10-28,PHX,NO,24,,NO@PHX
401468237,2023,2022-10-29,CHA,GS,4,,GS@CHA
401468242,2023,2022-10-29,UTAH,MEM,,15,MEM@UTAH
401468243,2023,2022-10-30,LAC,NO,13,,NO@LAC
401468244,2023,2022-10-30,BOS,WSH,2,,WSH@BOS
401468245,2023,2022-10-30,CLE,NY,6,,NY@CLE
401468246,2023,2022-10-30,DET,GS,9,,GS@DET
401468247,2023,2022-10-30,SA,MIN,,18,MIN@SA
401468250,2023,2022-10-30,LAL,DEN,14,,DEN@LAL
401468252,2023,2022-10-31,WSH,PHI,,23,PHI@WSH
401468256,2023,2022-10-31,UTAH,MEM,,15,MEM@UTAH
401468259,2023,2022-11-01,MIA,GS,16,,GS@MIA
401468263,2023,2022-11-02,PHI,WSH,23,,WSH@PHI
401468265,2023,2022-11-02,NY,ATL,,1,ATL@NY
401468269,2023,2022-11-02,SA,TOR,,28,TOR@SA
401468270,2023,2022-11-02,DAL,UTAH,7,,UTAH@DAL
401468272,2023,2022-11-02,LAL,NO,14,,NO@LAL
401468273,2023,2022-11-03,ORL,GS,22,,GS@ORL
401468274,2023,2022-11-03,OKC,DEN,21,,DEN@OKC
401468277,2023,2022-11-04,PHI,NY,23,,NY@PHI
401468278,2023,2022-11-04,WSH,BKN,,3,BKN@WSH
401468281,2023,2022-11-04,SA,LAC,,13,LAC@SA
401468283,2023,2022-11-04,NO,GS,,,GS@NO
401468286,2023,2022-11-04,LAL,UTAH,14,,UTAH@LAL
401468289,2023,2022-11-05,ATL,NO,1,,NO@ATL
401468290,2023,2022-11-05,NY,BOS,,2,BOS@NY
401468293,2023,2022-11-05,DEN,SA,,,SA@DEN
401468297,2023,2022-11-06,MEM,WSH,15,,WSH@MEM
401468298,2023,2022-11-06,LAC,UTAH,13,,UTAH@LAC
401468299,2023,2022-11-07,CHA,WSH,4,,WSH@CHA
401468302,2023,2022-11-07,IND,NO,12,,NO@IND
401468308,2023,2022-11-07,MIN,NY,18,,NY@MIN
401468309,2023,2022-11-07,SA,DEN,,,DEN@SA
401468311,2023,2022-11-07,GS,SAC,,26,SAC@GS
401468312,2023,2022-11-07,UTAH,LAL,,14,LAL@UTAH
401468315,2023,2022-11-09,IND,DEN,12,,DEN@IND
401468317,2023,2022-11-09,ATL,UTAH,1,,UTAH@ATL
401468319,2023,2022-11-09,BKN,NY,3,,NY@BKN
401468321,2023,2022-11-09,CHI,NO,5,,NO@CHI
401468324,2023,2022-11-09,SA,MEM,,15,MEM@SA
401468327,2023,2022-11-10,WSH,DAL,,7,DAL@WSH
401468330,2023,2022-11-10,NO,POR,,25,POR@NO
401468331,2023,2022-11-11,BOS,DEN,2,,DEN@BOS
401468333,2023,2022-11-11,NY,DET,,9,DET@NY
401468335,2023,2022-11-11,SA,MIL,,17,MIL@SA
401468337,2023,2022-11-11,GS,CLE,,6,CLE@GS
401468340,2023,2022-11-12,WSH,UTAH,,,UTAH@WSH
401468346,2023,2022-11-12,NO,HOU,,11,HOU@NO
401468347,2023,2022-11-13,NY,OKC,,21,OKC@NY
401468349,2023,2022-11-13,WSH,MEM,,15,MEM@WSH
401468350,2023,2022-11-13,PHI,UTAH,23,,UTAH@PHI
401468351,2023,2022-11-13,CHI,DEN,5,,DEN@CHI
401468352,2023,2022-11-13,SAC,GS,26,,GS@SAC
401468360,2023,2022-11-14,GS,SA,,,SA@GS
401468361,2023,2022-11-15,NO,MEM,,15,MEM@NO
401468363,2023,2022-11-15,UTAH,NY,,,NY@UTAH
401468364,2023,2022-11-15,POR,SA,25,,SA@POR
401468368,2023,2022-11-16,WSH,OKC,,21,OKC@WSH
401468372,2023,2022-11-16,NO,CHI,,5,CHI@NO
401468374,2023,2022-11-16,DEN,NY,,,NY@DEN
401468375,2023,2022-11-16,PHX,GS,24,,GS@PHX
401468377,2023,2022-11-17,SAC,SA,26,,SA@SAC
401468379,2023,2022-11-18,WSH,MIA,,16,MIA@WSH
401468385,2023,2022-11-18,DAL,DEN,7,,DEN@DAL
401468386,2023,2022-11-18,NO,BOS,,2,BOS@NO
401468387,2023,2022-11-18,UTAH,PHX,,24,PHX@UTAH
401468388,2023,2022-11-18,GS,NY,,,NY@GS
401468393,2023,2022-11-19,POR,UTAH,25,,UTAH@POR
401468394,2023,2022-11-19,LAC,SA,13,,SA@LAC
401468395,2023,2022-11-20,PHX,NY,24,,NY@PHX
401468396,2023,2022-11-20,WSH,CHA,,4,CHA@WSH
401468400,2023,2022-11-20,HOU,GS,11,,GS@HOU
401468401,2023,2022-11-20,DAL,DEN,7,,DEN@DAL
401468402,2023,2022-11-20,LAL,SA,14,,SA@LAL
401468408,2023,2022-11-21,NO,GS,,,GS@NO
401468409,2023,2022-11-21,OKC,NY,21,,NY@OKC
401468410,2023,2022-11-21,LAC,UTAH,13,,UTAH@LAC
401468413,2023,2022-11-22,DEN,DET,,9,DET@DEN
401468420,2023,2022-11-23,MIA,WSH,16,,WSH@MIA
401468423,2023,2022-11-23,OKC,DEN,21,,DEN@OKC
401468424,2023,2022-11-23,SA,NO,,,NO@SA
401468425,2023,2022-11-23,UTAH,DET,,9,DET@UTAH
401468426,2023,2022-11-23,GS,LAC,,13,LAC@GS
401468429,2023,2022-11-25,NY,POR,,25,POR@NY
401468432,2023,2022-11-25,MIA,WSH,16,,WSH@MIA
401468434,2023,2022-11-25,MEM,NO,15,,NO@MEM
401468437,2023,2022-11-25,SA,LAL,,14,LAL@SA
401468439,2023,2022-11-25,GS,UTAH,,,UTAH@GS
401468440,2023,2022-11-25,LAC,DEN,13,,DEN@LAC
401468443,2023,2022-11-26,SA,LAL,,14,LAL@SA
401468444,2023,2022-11-26,PHX,UTAH,24,,UTAH@PHX
401468446,2023,2022-11-27,MIN,GS,18,,GS@MIN
401468449,2023,2022-11-27,BOS,WSH,2,,WSH@BOS
401468451,2023,2022-11-27,NY,MEM,,15,MEM@NY
401468455,2023,2022-11-28,WSH,MIN,,18,MIN@WSH
401468459,2023,2022-11-28,NO,OKC,,21,OKC@NO
401468460,2023,2022-11-28,DEN,HOU,,11,HOU@DEN
401468461,2023,2022-11-28,UTAH,CHI,,5,CHI@UTAH
401468464,2023,2022-11-29,DET,NY,9,,NY@DET
401468465,2023,2022-11-29,DAL,GS,7,,GS@DAL
401468470,2023,2022-11-30,BKN,WSH,3,,WSH@BKN
401468471,2023,2022-11-30,NY,MIL,,17,MIL@NY
401468473,2023,2022-11-30,NO,TOR,,28,TOR@NO
401468474,2023,2022-11-30,OKC,SA,21,,SA@OKC
401468475,2023,2022-11-30,DEN,HOU,,11,HOU@DEN
401468477,2023,2022-11-30,UTAH,LAC,,13,LAC@UTAH
401468481,2023,2022-12-02,CHA,WSH,4,,WSH@CHA
401468482,2023,2022-12-02,ATL,DEN,1,,DEN@ATL
401468488,2023,2022-12-02,SA,NO,,,NO@SA
401468490,2023,2022-12-02,UTAH,IND,,12,IND@UTAH
401468491,2023,2022-12-02,GS,CHI,,5,CHI@GS
401468492,2023,2022-12-03,NY,DAL,,7,DAL@NY
401468497,2023,2022-12-03,GS,HOU,,11,HOU@GS
401468498,2023,2022-12-03,UTAH,POR,,25,POR@UTAH
401468499,2023,2022-12-04,NO,DEN,,,DEN@NO
401468500,2023,2022-12-04,SA,PHX,,24,PHX@SA
401468503,2023,2022-12-04,NY,CLE,,6,CLE@NY
401468504,2023,2022-12-04,WSH,LAL,,14,LAL@WSH
401468514,2023,2022-12-05,GS,IND,,12,IND@GS
401468517,2023,2022-12-06,DEN,DAL,,7,DAL@DEN
401468520,2023,2022-12-07,NY,ATL,,1,ATL@NY
401468522,2023,2022-12-07,CHI,WSH,5,,WSH@CHI
401468526,2023,2022-12-07,NO,DET,,9,DET@NO
401468527,2023,2022-12-07,UTAH,GS,,,GS@UTAH
401468530,2023,2022-12-08,SA,HOU,,11,HOU@SA
401468531,2023,2022-12-08,POR,DEN,25,,DEN@POR
401468532,2023,2022-12-09,CHA,NY,4,,NY@CHA
401468533,2023,2022-12-09,IND,WSH,12,,WSH@IND
401468539,2023,2022-12-09,NO,PHX,,24,PHX@NO
401468540,2023,2022-12-09,UTAH,MIN,,18,MIN@UTAH
401468542,2023,2022-12-10,MIA,SA,16,,SA@MIA
401468544,2023,2022-12-10,WSH,LAC,,13,LAC@WSH
401468547,2023,2022-12-10,GS,BOS,,2,BOS@GS
401468548,2023,2022-12-10,DEN,UTAH,,,UTAH@DEN
401468550,2023,2022-12-11,NO,PHX,,24,PHX@NO
401468552,2023,2022-12-11,NY,SAC,,26,SAC@NY
401468558,2023,2022-12-12,WSH,BKN,,3,BKN@WSH
401468561,2023,2022-12-12,SA,CLE,,6,CLE@SA
401468565,2023,2022-12-13,MIL,GS,17,,GS@MIL
401468567,2023,2022-12-13,UTAH,NO,,,NO@UTAH
401468570,2023,2022-12-14,IND,GS,12,,GS@IND
401468573,2023,2022-12-14,CHI,NY,5,,NY@CHI
401468575,2023,2022-12-14,SA,POR,,25,POR@SA
401468577,2023,2022-12-14,DEN,WSH,,,WSH@DEN
401468581,2023,2022-12-15,UTAH,NO,,,NO@UTAH
401468587,2023,2022-12-16,PHI,GS,23,,GS@PHI
401468589,2023,2022-12-16,CHI,NY,5,,NY@CHI
401468592,2023,2022-12-16,LAL,DEN,14,,DEN@LAL
401468593,2023,2022-12-17,LAC,WSH,13,,WSH@LAC
401468594,2023,2022-12-17,SA,MIA,,16,MIA@SA
401468597,2023,2022-12-17,MIL,UTAH,17,,UTAH@MIL
401468599,2023,2022-12-17,PHX,NO,24,,NO@PHX
401468601,2023,2022-12-18,IND,NY,12,,NY@IND
401468603,2023,2022-12-18,TOR,GS,28,,GS@TOR
401468605,2023,2022-12-18,DEN,CHA,,4,CHA@DEN
401468606,2023,2022-12-18,LAL,WSH,14,,WSH@LAL
401468607,2023,2022-12-19,CLE,UTAH,6,,UTAH@CLE
401468610,2023,2022-12-19,HOU,SA,11,,SA@HOU
401468612,2023,2022-12-19,NO,MIL,,17,MIL@NO
401468616,2023,2022-12-20,DET,UTAH,9,,UTAH@DET
401468618,2023,2022-12-20,NY,GS,,,GS@NY
401468619,2023,2022-12-20,PHX,WSH,24,,WSH@PHX
401468620,2023,2022-12-20,DEN,MEM,,15,MEM@DEN
401468625,2023,2022-12-21,BKN,GS,3,,GS@BKN
401468626,2023,2022-12-21,NY,TOR,,28,TOR@NY
401468632,2023,2022-12-22,NO,SA,,,SA@NO
401468633,2023,2022-12-22,UTAH,WSH,,,WSH@UTAH
401468634,2023,2022-12-23,ORL,SA,22,,SA@ORL
401468640,2023,2022-12-23,NY,CHI,,5,CHI@NY
401468643,2023,2022-12-23,OKC,NO,21,,NO@OKC
401468644,2023,2022-12-23,DEN,POR,,25,POR@DEN
401468646,2023,2022-12-23,SAC,WSH,26,,WSH@SAC
401468648,2023,2022-12-25,NY,PHI,,23,PHI@NY
401468651,2023,2022-12-25,GS,MEM,,15,MEM@GS
401468652,2023,2022-12-25,DEN,PHX,,24,PHX@DEN
401468657,2023,2022-12-26,NO,IND,,12,IND@NO
401468658,2023,2022-12-26,SA,UTAH,,,UTAH@SA
401468661,2023,2022-12-27,WSH,PHI,,23,PHI@WSH
401468666,2023,2022-12-27,OKC,SA,21,,SA@OKC
401468667,2023,2022-12-27,DAL,NY,7,,NY@DAL
401468668,2023,2022-12-27,GS,CHA,,4,CHA@GS
401468669,2023,2022-12-27,SAC,DEN,26,,DEN@SAC
401468671,2023,2022-12-28,WSH,PHX,,24,PHX@WSH
401468675,2023,2022-12-28,NO,MIN,,18,MIN@NO
401468676,2023,2022-12-28,GS,UTAH,,,UTAH@GS
401468677,2023,2022-12-28,SAC,DEN,26,,DEN@SAC
401468682,2023,2022-12-29,SA,NY,,,NY@SA
401468684,2023,2022-12-30,ORL,WSH,22,,WSH@ORL
401468689,2023,2022-12-30,NO,PHI,,23,PHI@NO
401468690,2023,2022-12-30,DEN,MIA,,16,MIA@DEN
401468691,2023,2022-12-30,GS,POR,,25,POR@GS
401468692,2023,2022-12-30,SAC,UTAH,26,,UTAH@SAC
401468696,2023,2022-12-31,HOU,NY,11,,NY@HOU
401468697,2023,2022-12-31,SA,DAL,,7,DAL@SA
401468698,2023,2022-12-31,MEM,NO,15,,NO@MEM
401468701,2023,2022-12-31,UTAH,MIA,,16,MIA@UTAH
401468703,2023,2023-01-01,MIL,WSH,17,,WSH@MIL
401468704,2023,2023-01-01,DEN,BOS,,2,BOS@DEN
401468705,2023,2023-01-02,NY,PHX,,24,PHX@NY
401468709,2023,2023-01-02,PHI,NO,23,,NO@PHI
401468710,2023,2023-01-02,BKN,SA,3,,SA@BKN
401468712,2023,2023-01-02,MIN,DEN,18,,DEN@MIN
401468713,2023,2023-01-02,GS,ATL,,1,ATL@GS
401468716,2023,2023-01-03,MIL,WSH,17,,WSH@MIL
401468718,2023,2023-01-03,UTAH,SAC,,26,SAC@UTAH
401468723,2023,2023-01-04,NY,SA,,,SA@NY
401468727,2023,2023-01-04,NO,HOU,,11,HOU@NO
401468728,2023,2023-01-04,GS,DET,,9,DET@GS
401468733,2023,2023-01-05,HOU,UTAH,11,,UTAH@HOU
401468734,2023,2023-01-05,DEN,LAC,,13,LAC@DEN
401468737,2023,2023-01-06,TOR,NY,28,,NY@TOR
401468739,2023,2023-01-06,OKC,WSH,21,,WSH@OKC
401468740,2023,2023-01-06,SA,DET,,9,DET@SA
401468741,2023,2023-01-06,NO,BKN,,3,BKN@NO
401468743,2023,2023-01-06,DEN,CLE,,6,CLE@DEN
401468746,2023,2023-01-07,SA,BOS,,2,BOS@SA
401468747,2023,2023-01-07,CHI,UTAH,5,,UTAH@CHI
401468748,2023,2023-01-07,DAL,NO,7,,NO@DAL
401468749,2023,2023-01-07,GS,ORL,,22,ORL@GS
401468755,2023,2023-01-08,MEM,UTAH,15,,UTAH@MEM
401468760,2023,2023-01-09,WSH,NO,,,NO@WSH
401468762,2023,2023-01-09,NY,MIL,,17,MIL@NY
401468763,2023,2023-01-09,MEM,SA,15,,SA@MEM
401468764,2023,2023-01-09,DEN,LAL,,14,LAL@DEN
401468769,2023,2023-01-10,UTAH,CLE,,6,CLE@UTAH
401468770,2023,2023-01-10,GS,PHX,,24,PHX@GS
401468774,2023,2023-01-11,WSH,CHI,,5,CHI@WSH
401468776,2023,2023-01-11,BOS,NO,2,,NO@BOS
401468777,2023,2023-01-11,NY,IND,,12,IND@NY
401468778,2023,2023-01-11,MEM,SA,15,,SA@MEM
401468779,2023,2023-01-11,DEN,PHX,,24,PHX@DEN
401468787,2023,2023-01-13,DET,NO,9,,NO@DET
401468789,2023,2023-01-13,WSH,NY,,,NY@WSH
401468790,2023,2023-01-13,SA,GS,,,GS@SA
401468793,2023,2023-01-13,UTAH,ORL,,22,ORL@UTAH
401468794,2023,2023-01-13,LAC,DEN,13,,DEN@LAC
401468801,2023,2023-01-14,UTAH,PHI,,23,PHI@UTAH
401468803,2023,2023-01-15,DET,NY,9,,NY@DET
401468805,2023,2023-01-15,CHI,GS,5,,GS@CHI
401468807,2023,2023-01-15,SA,SAC,,26,SAC@SA
401468808,2023,2023-01-15,DEN,ORL,,22,ORL@DEN
401468813,2023,2023-01-16,CLE,NO,6,,NO@CLE
401468814,2023,2023-01-16,NY,TOR,,28,TOR@NY
401468815,2023,2023-01-16,WSH,GS,,,GS@WSH
401468817,2023,2023-01-16,MIN,UTAH,18,,UTAH@MIN
401468821,2023,2023-01-17,SA,BKN,,3,BKN@SA
401468822,2023,2023-01-17,DEN,POR,,25,POR@DEN
401468824,2023,2023-01-18,NY,WSH,,,WSH@NY
401468828,2023,2023-01-18,NO,MIA,,16,MIA@NO
401468830,2023,2023-01-18,UTAH,LAC,,13,LAC@UTAH
401468831,2023,2023-01-18,DEN,MIN,,18,MIN@DEN
401468834,2023,2023-01-19,BOS,GS,2,,GS@BOS
401468838,2023,2023-01-20,ORL,NO,22,,NO@ORL
401468839,2023,2023-01-20,ATL,NY,1,,NY@ATL
401468840,2023,2023-01-20,CLE,GS,6,,GS@CLE
401468842,2023,2023-01-20,SA,LAC,,13,LAC@SA
401468843,2023,2023-01-20,DEN,IND,,12,IND@DEN
401468844,2023,2023-01-20,UTAH,BKN,,3,BKN@UTAH
401468848,2023,2023-01-21,WSH,ORL,,22,ORL@WSH
401468854,2023,2023-01-22,MIA,NO,16,,NO@MIA
401468855,2023,2023-01-22,TOR,NY,28,,NY@TOR
401468857,2023,2023-01-22,DEN,OKC,,21,OKC@DEN
401468859,2023,2023-01-22,GS,BKN,,3,BKN@GS
401468865,2023,2023-01-23,UTAH,CHA,,4,CHA@UTAH
401468866,2023,2023-01-23,POR,SA,25,,SA@POR
401468870,2023,2023-01-24,NY,CLE,,6,CLE@NY
401468871,2023,2023-01-24,NO,DEN,,,DEN@NO
401468872,2023,2023-01-24,DAL,WSH,7,,WSH@DAL
401468877,2023,2023-01-25,HOU,WSH,11,,WSH@HOU
401468878,2023,2023-01-25,MIL,DEN,17,,DEN@MIL
401468879,2023,2023-01-25,NO,MIN,,18,MIN@NO
401468881,2023,2023-01-25,GS,MEM,,15,MEM@GS
401468882,2023,2023-01-25,POR,UTAH,25,,UTAH@POR
401468884,2023,2023-01-25,LAL,SA,14,,SA@LAL
401468885,2023,2023-01-26,BOS,NY,2,,NY@BOS
401468890,2023,2023-01-26,LAC,SA,13,,SA@LAC
401468895,2023,2023-01-27,GS,TOR,,28,TOR@GS
401468896,2023,2023-01-28,PHI,DEN,23,,DEN@PHI
401468897,2023,2023-01-28,BKN,NY,3,,NY@BKN
401468902,2023,2023-01-28,NO,WSH,,,WSH@NO
401468903,2023,2023-01-28,SA,PHX,,24,PHX@SA
401468905,2023,2023-01-28,UTAH,DAL,,7,DAL@UTAH
401468910,2023,2023-01-29,MIL,NO,17,,NO@MIL
401468914,2023,2023-01-30,OKC,GS,21,,GS@OKC
401468915,2023,2023-01-30,SA,WSH,,,WSH@SA
401468920,2023,2023-01-31,NY,LAL,,14,LAL@NY
401468923,2023,2023-01-31,DEN,NO,,,NO@DEN
401468929,2023,2023-02-01,MIN,GS,18,,GS@MIN
401468930,2023,2023-02-01,SA,SAC,,26,SAC@SA
401468931,2023,2023-02-01,UTAH,TOR,,28,TOR@UTAH
401468935,2023,2023-02-02,NY,MIA,,16,MIA@NY
401468937,2023,2023-02-02,DAL,NO,7,,NO@DAL
401468938,2023,2023-02-02,DEN,GS,,,GS@DEN
401468942,2023,2023-02-03,WSH,POR,,25,POR@WSH
401468946,2023,2023-02-03,SA,PHI,,23,PHI@SA
401468947,2023,2023-02-03,UTAH,ATL,,1,ATL@UTAH
401468948,2023,2023-02-04,BKN,WSH,3,,WSH@BKN
401468950,2023,2023-02-04,NY,LAC,,13,LAC@NY
401468953,2023,2023-02-04,NO,LAL,,14,LAL@NO
401468955,2023,2023-02-04,GS,DAL,,7,DAL@GS
401468956,2023,2023-02-04,DEN,ATL,,1,ATL@DEN
401468959,2023,2023-02-05,NY,PHI,,23,PHI@NY
401468961,2023,2023-02-05,MIN,DEN,18,,DEN@MIN
401468962,2023,2023-02-05,NO,SAC,,26,SAC@NO
401468964,2023,2023-02-06,WSH,CLE,,6,CLE@WSH
401468966,2023,2023-02-06,CHI,SA,5,,SA@CHI
401468968,2023,2023-02-06,UTAH,DAL,,7,DAL@UTAH
401468969,2023,2023-02-06,GS,OKC,,21,OKC@GS
401468971,2023,2023-02-07,ORL,NY,22,,NY@ORL
401468973,2023,2023-02-07,NO,ATL,,1,ATL@NO
401468975,2023,2023-02-07,DEN,MIN,,18,MIN@DEN
401468978,2023,2023-02-08,WSH,CHA,,4,CHA@WSH
401468981,2023,2023-02-08,TOR,SA,28,,SA@TOR
401468983,2023,2023-02-08,UTAH,MIN,,18,MIN@UTAH
401468985,2023,2023-02-08,POR,GS,25,,GS@POR
401468986,2023,2023-02-09,ORL,DEN,22,,DEN@ORL
401468990,2023,2023-02-10,DET,SA,9,,SA@DET
401468992,2023,2023-02-10,PHI,NY,23,,NY@PHI
401468994,2023,2023-02-10,TOR,UTAH,28,,UTAH@TOR
401468997,2023,2023-02-10,NO,CLE,,6,CLE@NO
401469002,2023,2023-02-11,CHA,DEN,4,,DEN@CHA
401469004,2023,2023-02-11,WSH,IND,,12,IND@WSH
401469005,2023,2023-02-11,ATL,SA,1,,SA@ATL
401469006,2023,2023-02-11,NY,UTAH,,,UTAH@NY
401469008,2023,2023-02-11,GS,LAL,,14,LAL@GS
401469013,2023,2023-02-13,CLE,SA,6,,SA@CLE
401469014,2023,2023-02-13,IND,UTAH,12,,UTAH@IND
401469016,2023,2023-02-13,MIA,DEN,16,,DEN@MIA
401469017,2023,2023-02-13,NY,BKN,,3,BKN@NY
401469019,2023,2023-02-13,OKC,NO,21,,NO@OKC
401469021,2023,2023-02-13,GS,WSH,,,WSH@GS
401469026,2023,2023-02-14,LAC,GS,13,,GS@LAC
401469027,2023,2023-02-14,POR,WSH,25,,WSH@POR
401469028,2023,2023-02-15,CHA,SA,4,,SA@CHA
401469031,2023,2023-02-15,ATL,NY,1,,NY@ATL
401469034,2023,2023-02-15,MEM,UTAH,15,,UTAH@MEM
401469036,2023,2023-02-15,DEN,DAL,,7,DAL@DEN
401469037,2023,2023-02-15,LAL,NO,14,,NO@LAL
401469039,2023,2023-02-16,MIN,WSH,18,,WSH@MIN
401469041,2023,2023-02-23,CLE,DEN,6,,DEN@CLE
401469045,2023,2023-02-23,TOR,NO,28,,NO@TOR
401469046,2023,2023-02-23,DAL,SA,7,,SA@DAL
401469047,2023,2023-02-23,UTAH,OKC,,21,OKC@UTAH
401469048,2023,2023-02-23,LAL,GS,14,,GS@LAL
401469050,2023,2023-02-24,WSH,NY,,,NY@WSH
401469056,2023,2023-02-24,GS,HOU,,11,HOU@GS
401469061,2023,2023-02-25,NY,NO,,,NO@NY
401469062,2023,2023-02-25,MEM,DEN,15,,DEN@MEM
401469064,2023,2023-02-25,UTAH,SA,,,SA@UTAH
401469067,2023,2023-02-26,CHI,WSH,5,,WSH@CHI
401469071,2023,2023-02-26,GS,MIN,,18,MIN@GS
401469073,2023,2023-02-26,DEN,LAC,,13,LAC@DEN
401469076,2023,2023-02-27,NY,BOS,,2,BOS@NY
401469077,2023,2023-02-27,NO,ORL,,22,ORL@NO
401469078,2023,2023-02-28,ATL,WSH,1,,WSH@ATL
401469081,2023,2023-02-28,HOU,DEN,11,,DEN@HOU
401469085,2023,2023-02-28,UTAH,SA,,,SA@UTAH
401469086,2023,2023-02-28,GS,POR,,25,POR@GS
401469092,2023,2023-03-01,NY,BKN,,3,BKN@NY
401469096,2023,2023-03-01,POR,NO,25,,NO@POR
401469097,2023,2023-03-02,WSH,TOR,,28,TOR@WSH
401469099,2023,2023-03-02,SA,IND,,12,IND@SA
401469100,2023,2023-03-02,GS,LAC,,13,LAC@GS
401469104,2023,2023-03-03,MIA,NY,16,,NY@MIA
401469106,2023,2023-03-03,OKC,UTAH,21,,UTAH@OKC
401469107,2023,2023-03-03,DEN,MEM,,15,MEM@DEN
401469108,2023,2023-03-03,GS,NO,,,NO@GS
401469111,2023,2023-03-04,WSH,TOR,,28,TOR@WSH
401469114,2023,2023-03-04,SA,HOU,,11,HOU@SA
401469119,2023,2023-03-05,LAL,GS,14,,GS@LAL
401469122,2023,2023-03-05,HOU,SA,11,,SA@HOU
401469123,2023,2023-03-05,OKC,UTAH,21,,UTAH@OKC
401469124,2023,2023-03-05,BOS,NY,2,,NY@BOS
401469128,2023,2023-03-05,WSH,MIL,,17,MIL@WSH
401469130,2023,2023-03-06,DEN,TOR,,28,TOR@DEN
401469131,2023,2023-03-06,SAC,NO,26,,NO@SAC
401469134,2023,2023-03-07,NY,CHA,,4,CHA@NY
401469137,2023,2023-03-07,OKC,GS,21,,GS@OKC
401469138,2023,2023-03-07,DAL,UTAH,7,,UTAH@DAL
401469140,2023,2023-03-08,WSH,ATL,,1,ATL@WSH
401469143,2023,2023-03-08,NO,DAL,,7,DAL@NO
401469144,2023,2023-03-08,DEN,CHI,,5,CHI@DEN
401469149,2023,2023-03-09,ORL,UTAH,22,,UTAH@ORL
401469151,2023,2023-03-09,MEM,GS,15,,GS@MEM
401469152,2023,2023-03-09,SAC,NY,26,,NY@SAC
401469154,2023,2023-03-10,WSH,ATL,,1,ATL@WSH
401469157,2023,2023-03-10,SA,DEN,,,DEN@SA
401469159,2023,2023-03-11,LAC,NY,13,,NY@LAC
401469160,2023,2023-03-11,CHA,UTAH,4,,UTAH@CHA
401469166,2023,2023-03-11,NO,OKC,,21,OKC@NO
401469167,2023,2023-03-11,GS,MIL,,17,MIL@GS
401469169,2023,2023-03-12,DEN,BKN,,3,BKN@DEN
401469171,2023,2023-03-12,PHI,WSH,23,,WSH@PHI
401469172,2023,2023-03-12,NO,POR,,25,POR@NO
401469173,2023,2023-03-12,SA,OKC,,21,OKC@SA
401469174,2023,2023-03-12,LAL,NY,14,,NY@LAL
401469177,2023,2023-03-13,MIA,UTAH,16,,UTAH@MIA
401469180,2023,2023-03-13,GS,PHX,,24,PHX@GS
401469183,2023,2023-03-14,WSH,DET,,9,DET@WSH
401469184,2023,2023-03-14,TOR,DEN,28,,DEN@TOR
401469185,2023,2023-03-14,NO,LAL,,14,LAL@NO
401469187,2023,2023-03-14,SA,ORL,,22,ORL@SA
401469189,2023,2023-03-14,POR,NY,25,,NY@POR
401469195,2023,2023-03-15,SA,DAL,,7,DAL@SA
401469196,2023,2023-03-15,LAC,GS,13,,GS@LAC
401469197,2023,2023-03-16,DET,DEN,9,,DEN@DET
401469203,2023,2023-03-17,ATL,GS,1,,GS@ATL
401469204,2023,2023-03-17,CLE,WSH,6,,WSH@CLE
401469206,2023,2023-03-17,HOU,NO,11,,NO@HOU
401469207,2023,2023-03-17,SA,MEM,,15,MEM@SA
401469210,2023,2023-03-18,NY,DEN,,,DEN@NY
401469214,2023,2023-03-18,WSH,SAC,,26,SAC@WSH
401469216,2023,2023-03-18,MEM,GS,15,,GS@MEM
401469217,2023,2023-03-18,UTAH,BOS,,2,BOS@UTAH
401469218,2023,2023-03-19,BKN,DEN,3,,DEN@BKN
401469220,2023,2023-03-19,SA,ATL,,1,ATL@SA
401469222,2023,2023-03-19,HOU,NO,11,,NO@HOU
401469228,2023,2023-03-20,NY,MIN,,18,MIN@NY
401469229,2023,2023-03-20,HOU,GS,11,,GS@HOU
401469231,2023,2023-03-20,UTAH,SAC,,26,SAC@UTAH
401469232,2023,2023-03-21,ORL,WSH,22,,WSH@ORL
401469235,2023,2023-03-21,NO,SA,,,SA@NO
401469238,2023,2023-03-22,WSH,DEN,,,DEN@WSH
401469239,2023,2023-03-22,MIA,NY,16,,NY@MIA
401469241,2023,2023-03-22,DAL,GS,7,,GS@DAL
401469244,2023,2023-03-22,MIL,SA,17,,SA@MIL
401469246,2023,2023-03-22,UTAH,POR,,25,POR@UTAH
401469248,2023,2023-03-23,ORL,NY,22,,NY@ORL
401469250,2023,2023-03-23,NO,CHA,,4,CHA@NO
401469253,2023,2023-03-24,WSH,SA,,,SA@WSH
401469257,2023,2023-03-24,UTAH,MIL,,17,MIL@UTAH
401469258,2023,2023-03-24,GS,PHI,,23,PHI@GS
401469264,2023,2023-03-25,DEN,MIL,,17,MIL@DEN
401469266,2023,2023-03-25,SAC,UTAH,26,,UTAH@SAC
401469267,2023,2023-03-25,LAC,NO,13,,NO@LAC
401469271,2023,2023-03-26,BOS,SA,2,,SA@BOS
401469274,2023,2023-03-26,TOR,WSH,28,,WSH@TOR
401469276,2023,2023-03-26,GS,MIN,,18,MIN@GS
401469279,2023,2023-03-27,NY,HOU,,11,HOU@NY
401469280,2023,2023-03-27,UTAH,PHX,,24,PHX@UTAH
401469281,2023,2023-03-27,DEN,PHI,,23,PHI@DEN
401469282,2023,2023-03-27,POR,NO,25,,NO@POR
401469285,2023,2023-03-28,WSH,BOS,,2,BOS@WSH
401469290,2023,2023-03-28,GS,NO,,,NO@GS
401469293,2023,2023-03-29,NY,MIA,,16,MIA@NY
401469298,2023,2023-03-29,SA,UTAH,,,UTAH@SA
401469302,2023,2023-03-30,DEN,NO,,,NO@DEN
401469306,2023,2023-03-31,WSH,ORL,,22,ORL@WSH
401469307,2023,2023-03-31,BOS,UTAH,2,,UTAH@BOS
401469309,2023,2023-03-31,CLE,NY,6,,NY@CLE
401469313,2023,2023-03-31,GS,SA,,,SA@GS
401469315,2023,2023-03-31,PHX,DEN,24,,DEN@PHX
401469317,2023,2023-04-01,NO,LAC,,13,LAC@NO
401469319,2023,2023-04-02,BKN,UTAH,3,,UTAH@BKN
401469323,2023,2023-04-02,NY,WSH,,,WSH@NY
401469325,2023,2023-04-02,SAC,SA,26,,SA@SAC
401469330,2023,2023-04-02,DEN,GS,,,GS@DEN
401469334,2023,2023-04-04,WSH,MIL,,17,MIL@WSH
401469338,2023,2023-04-04,HOU,DEN,11,,DEN@HOU
401469340,2023,2023-04-04,NO,SAC,,26,SAC@NO
401469341,2023,2023-04-04,UTAH,LAL,,14,LAL@UTAH
401469342,2023,2023-04-04,GS,OKC,,21,OKC@GS
401469343,2023,2023-04-04,PHX,SA,24,,SA@PHX
401469345,2023,2023-04-05,IND,NY,12,,NY@IND
401469346,2023,2023-04-05,ATL,WSH,1,,WSH@ATL
401469349,2023,2023-04-05,NO,MEM,,15,MEM@NO
401469354,2023,2023-04-06,SA,POR,,25,POR@SA
401469355,2023,2023-04-06,UTAH,OKC,,21,OKC@UTAH
401469356,2023,2023-04-06,PHX,DEN,24,,DEN@PHX
401469359,2023,2023-04-07,WSH,MIA,,16,MIA@WSH
401469364,2023,2023-04-07,NO,NY,,,NY@NO
401469366,2023,2023-04-07,SAC,GS,26,,GS@SAC
401469368,2023,2023-04-08,UTAH,DEN,,,DEN@UTAH
401469369,2023,2023-04-08,SA,MIN,,18,MIN@SA
401469375,2023,2023-04-09,NY,IND,,12,IND@NY
401469377,2023,2023-04-09,WSH,HOU,,11,HOU@WSH
401469379,2023,2023-04-09,DAL,SA,7,,SA@DAL
401469380,2023,2023-04-09,MIN,NO,18,,NO@MIN
401469382,2023,2023-04-09,DEN,SAC,,26,SAC@DEN
401469383,2023,2023-04-09,LAL,UTAH,14,,UTAH@LAL
401469385,2023,2023-04-09,POR,GS,25,,GS@POR
401524696,2023,2023-02-19,LEB,GIA,,,GIA@LEB
401526670,2023,2023-03-07,DET,WSH,9,,WSH@DET
401584090,2024,2023-11-03,MIL,NY,17,,NY@MIL
401584091,2024,2023-11-03,MIA,WSH,16,,WSH@MIA
401584093,2024,2023-11-03,OKC,GS,21,,GS@OKC
401584094,2024,2023-11-03,DEN,DAL,,7,DAL@DEN
401584097,2024,2023-11-10,WSH,CHA,,4,CHA@WSH
401584099,2024,2023-11-10,HOU,NO,11,,NO@HOU
401584100,2024,2023-11-10,MEM,UTAH,15,,UTAH@MEM
401584101,2024,2023-11-10,SA,MIN,,18,MIN@SA
401584109,2024,2023-11-14,OKC,SA,21,,SA@OKC
401584110,2024,2023-11-14,NO,DAL,,7,DAL@NO
401584111,2024,2023-11-14,UTAH,POR,,25,POR@UTAH
401584112,2024,2023-11-14,DEN,LAC,,13,LAC@DEN
401584113,2024,2023-11-14,GS,MIN,,18,MIN@GS
401584116,2024,2023-11-17,WSH,NY,,,NY@WSH
401584120,2024,2023-11-17,SA,SAC,,26,SAC@SA
401584122,2024,2023-11-17,NO,DEN,,,DEN@NO
401584123,2024,2023-11-17,UTAH,PHX,,24,PHX@UTAH
401584130,2024,2023-11-21,LAL,UTAH,14,,UTAH@LAL
401584133,2024,2023-11-24,NY,MIA,,16,MIA@NY
401584136,2024,2023-11-24,HOU,DEN,11,,DEN@HOU
401584137,2024,2023-11-24,MIL,WSH,17,,WSH@MIL
401584139,2024,2023-11-24,GS,SA,,,SA@GS
401584140,2024,2023-11-24,LAC,NO,13,,NO@LAC
401584145,2024,2023-11-28,NY,CHA,,4,CHA@NY
401584148,2024,2023-11-28,SAC,GS,26,,GS@SAC
401584689,2024,2023-10-24,DEN,LAL,,14,LAL@DEN
401584690,2024,2023-10-24,GS,PHX,,24,PHX@GS
401584692,2024,2023-10-25,IND,WSH,12,,WSH@IND
401584693,2024,2023-10-25,NY,BOS,,2,BOS@NY
401584699,2024,2023-10-25,MEM,NO,15,,NO@MEM
401584700,2024,2023-10-25,UTAH,SAC,,26,SAC@UTAH
401584701,2024,2023-10-25,SA,DAL,,7,DAL@SA
401584706,2024,2023-10-27,MEM,DEN,15,,DEN@MEM
401584707,2024,2023-10-27,ATL,NY,1,,NY@ATL
401584711,2024,2023-10-27,SA,HOU,,11,HOU@SA
401584713,2024,2023-10-27,UTAH,LAC,,13,LAC@UTAH
401584715,2024,2023-10-27,SAC,GS,26,,GS@SAC
401584717,2024,2023-10-28,WSH,MEM,,15,MEM@WSH
401584718,2024,2023-10-28,NO,NY,,,NY@NO
401584722,2024,2023-10-28,PHX,UTAH,24,,UTAH@PHX
401584723,2024,2023-10-29,OKC,DEN,21,,DEN@OKC
401584724,2024,2023-10-29,HOU,GS,11,,GS@HOU
401584727,2024,2023-10-29,LAC,SA,13,,SA@LAC
401584731,2024,2023-10-30,WSH,BOS,,2,BOS@WSH
401584736,2024,2023-10-30,NO,GS,,,GS@NO
401584738,2024,2023-10-30,DEN,UTAH,,,UTAH@DEN
401584740,2024,2023-10-31,CLE,NY,6,,NY@CLE
401584741,2024,2023-10-31,PHX,SA,24,,SA@PHX
401584745,2024,2023-11-01,ATL,WSH,1,,WSH@ATL
401584748,2024,2023-11-01,NY,CLE,,6,CLE@NY
401584749,2024,2023-11-01,OKC,NO,21,,NO@OKC
401584751,2024,2023-11-01,MIN,DEN,18,,DEN@MIN
401584753,2024,2023-11-01,UTAH,MEM,,15,MEM@UTAH
401584754,2024,2023-11-01,GS,SAC,,26,SAC@GS
401584757,2024,2023-11-02,NO,DET,,9,DET@NO
401584758,2024,2023-11-02,UTAH,ORL,,22,ORL@UTAH
401584759,2024,2023-11-02,PHX,SA,24,,SA@PHX
401584763,2024,2023-11-04,NO,ATL,,1,ATL@NO
401584766,2024,2023-11-04,MIN,UTAH,18,,UTAH@MIN
401584767,2024,2023-11-04,DEN,CHI,,5,CHI@DEN
401584769,2024,2023-11-05,SA,TOR,,28,TOR@SA
401584770,2024,2023-11-05,CLE,GS,6,,GS@CLE
401584773,2024,2023-11-06,DET,GS,9,,GS@DET
401584774,2024,2023-11-06,IND,SA,12,,SA@IND
401584776,2024,2023-11-06,PHI,WSH,23,,WSH@PHI
401584779,2024,2023-11-06,NY,LAC,,13,LAC@NY
401584780,2024,2023-11-06,CHI,UTAH,5,,UTAH@CHI
401584784,2024,2023-11-06,DEN,NO,,,NO@DEN
401584785,2024,2023-11-08,CHA,WSH,4,,WSH@CHA
401584786,2024,2023-11-08,IND,UTAH,12,,UTAH@IND
401584789,2024,2023-11-08,NY,SA,,,SA@NY
401584794,2024,2023-11-08,MIN,NO,18,,NO@MIN
401584797,2024,2023-11-08,DEN,GS,,,GS@DEN
401584804,2024,2023-11-11,GS,CLE,,6,CLE@GS
401584805,2024,2023-11-12,NY,CHA,,4,CHA@NY
401584806,2024,2023-11-12,BKN,WSH,3,,WSH@BKN
401584810,2024,2023-11-12,HOU,DEN,11,,DEN@HOU
401584811,2024,2023-11-12,NO,DAL,,7,DAL@NO
401584812,2024,2023-11-12,SA,MIA,,16,MIA@SA
401584814,2024,2023-11-12,GS,MIN,,18,MIN@GS
401584816,2024,2023-11-13,BOS,NY,2,,NY@BOS
401584817,2024,2023-11-13,TOR,WSH,28,,WSH@TOR
401584820,2024,2023-11-15,WSH,DAL,,7,DAL@WSH
401584821,2024,2023-11-15,ATL,NY,1,,NY@ATL
401584829,2024,2023-11-16,GS,OKC,,21,OKC@GS
401584830,2024,2023-11-18,CHA,NY,4,,NY@CHA
401584831,2024,2023-11-18,NO,MIN,,18,MIN@NO
401584834,2024,2023-11-18,SA,MEM,,15,MEM@SA
401584835,2024,2023-11-18,GS,OKC,,21,OKC@GS
401584838,2024,2023-11-19,CLE,DEN,6,,DEN@CLE
401584842,2024,2023-11-19,UTAH,PHX,,24,PHX@UTAH
401584846,2024,2023-11-20,DET,DEN,9,,DEN@DET
401584847,2024,2023-11-20,WSH,MIL,,17,MIL@WSH
401584849,2024,2023-11-20,MIN,NY,18,,NY@MIN
401584850,2024,2023-11-20,NO,SAC,,26,SAC@NO
401584851,2024,2023-11-20,SA,LAC,,13,LAC@SA
401584852,2024,2023-11-20,GS,HOU,,11,HOU@GS
401584853,2024,2023-11-22,CHA,WSH,4,,WSH@CHA
401584854,2024,2023-11-22,ORL,DEN,22,,DEN@ORL
401584861,2024,2023-11-22,NO,SAC,,26,SAC@NO
401584863,2024,2023-11-22,SA,LAC,,13,LAC@SA
401584864,2024,2023-11-22,PHX,GS,24,,GS@PHX
401584865,2024,2023-11-22,POR,UTAH,25,,UTAH@POR
401584869,2024,2023-11-25,WSH,ATL,,1,ATL@WSH
401584871,2024,2023-11-25,UTAH,NO,,,NO@UTAH
401584875,2024,2023-11-26,NY,PHX,,24,PHX@NY
401584880,2024,2023-11-26,DEN,SA,,,SA@DEN
401584881,2024,2023-11-27,DET,WSH,9,,WSH@DET
401584884,2024,2023-11-27,UTAH,NO,,,NO@UTAH
401584885,2024,2023-11-27,LAC,DEN,13,,DEN@LAC
401584887,2024,2023-11-29,ORL,WSH,22,,WSH@ORL
401584889,2024,2023-11-29,MEM,UTAH,15,,UTAH@MEM
401584890,2024,2023-11-29,NO,PHI,,23,PHI@NO
401584891,2024,2023-11-29,DEN,HOU,,11,HOU@DEN
401584896,2024,2023-11-30,NY,DET,,9,DET@NY
401584898,2024,2023-11-30,MIN,UTAH,18,,UTAH@MIN
401584900,2024,2023-11-30,SA,ATL,,1,ATL@SA
401584901,2024,2023-11-30,GS,LAC,,13,LAC@GS
401584902,2024,2023-12-01,ORL,WSH,22,,WSH@ORL
401584904,2024,2023-12-01,TOR,NY,28,,NY@TOR
401584906,2024,2023-12-01,NO,SA,,,SA@NO
401584907,2024,2023-12-01,PHX,DEN,24,,DEN@PHX
401584908,2024,2023-12-02,LAC,GS,13,,GS@LAC
401584913,2024,2023-12-02,CHI,NO,5,,NO@CHI
401584917,2024,2023-12-02,UTAH,POR,,25,POR@UTAH
401584918,2024,2023-12-02,SAC,DEN,26,,DEN@SAC
401584923,2024,2023-12-11,PHI,WSH,23,,WSH@PHI
401584924,2024,2023-12-11,ATL,DEN,1,,DEN@ATL
401584925,2024,2023-12-11,NY,TOR,,28,TOR@NY
401584926,2024,2023-12-11,HOU,SA,11,,SA@HOU
401584929,2024,2023-12-11,NO,MIN,,18,MIN@NO
401584930,2024,2023-12-11,OKC,UTAH,21,,UTAH@OKC
401584935,2024,2023-12-12,CHI,DEN,5,,DEN@CHI
401584936,2024,2023-12-12,PHX,GS,24,,GS@PHX
401584939,2024,2023-12-13,WSH,NO,,,NO@WSH
401584944,2024,2023-12-13,SA,LAL,,14,LAL@SA
401584946,2024,2023-12-13,UTAH,NY,,,NY@UTAH
401584950,2024,2023-12-14,DEN,BKN,,3,BKN@DEN
401584951,2024,2023-12-14,POR,UTAH,25,,UTAH@POR
401584953,2024,2023-12-14,LAC,GS,13,,GS@LAC
401584954,2024,2023-12-15,CHA,NO,4,,NO@CHA
401584956,2024,2023-12-15,WSH,IND,,12,IND@WSH
401584959,2024,2023-12-15,SA,LAL,,14,LAL@SA
401584961,2024,2023-12-15,PHX,NY,24,,NY@PHX
401584967,2024,2023-12-16,GS,BKN,,3,BKN@GS
401584968,2024,2023-12-16,DEN,OKC,,21,OKC@DEN
401584970,2024,2023-12-16,SAC,UTAH,26,,UTAH@SAC
401584971,2024,2023-12-16,LAC,NY,13,,NY@LAC
401584973,2024,2023-12-17,SA,NO,,,NO@SA
401584975,2024,2023-12-17,PHX,WSH,24,,WSH@PHX
401584976,2024,2023-12-17,POR,GS,25,,GS@POR
401584984,2024,2023-12-18,DEN,DAL,,7,DAL@DEN
401584985,2024,2023-12-18,UTAH,BKN,,3,BKN@UTAH
401584986,2024,2023-12-18,SAC,WSH,26,,WSH@SAC
401584987,2024,2023-12-18,LAL,NY,14,,NY@LAL
401584988,2024,2023-12-19,NO,MEM,,15,MEM@NO
401584989,2024,2023-12-19,MIL,SA,17,,SA@MIL
401584990,2024,2023-12-19,GS,BOS,,2,BOS@GS
401584992,2024,2023-12-20,CLE,UTAH,6,,UTAH@CLE
401584996,2024,2023-12-20,BKN,NY,3,,NY@BKN
401584997,2024,2023-12-20,TOR,DEN,28,,DEN@TOR
401585002,2024,2023-12-21,DET,UTAH,9,,UTAH@DET
401585003,2024,2023-12-21,CLE,NO,6,,NO@CLE
401585004,2024,2023-12-21,CHI,SA,5,,SA@CHI
401585009,2024,2023-12-21,POR,WSH,25,,WSH@POR
401585011,2024,2023-12-22,BKN,DEN,3,,DEN@BKN
401585014,2024,2023-12-22,GS,WSH,,,WSH@GS
401585016,2024,2023-12-23,NY,MIL,,17,MIL@NY
401585018,2024,2023-12-23,CHA,DEN,4,,DEN@CHA
401585020,2024,2023-12-23,NO,HOU,,11,HOU@NO
401585023,2024,2023-12-23,TOR,UTAH,28,,UTAH@TOR
401585026,2024,2023-12-23,DAL,SA,7,,SA@DAL
401585027,2024,2023-12-23,GS,POR,,25,POR@GS
401585029,2024,2023-12-25,NY,MIL,,17,MIL@NY
401585030,2024,2023-12-25,DEN,GS,,,GS@DEN
401585035,2024,2023-12-26,WSH,ORL,,22,ORL@WSH
401585038,2024,2023-12-26,NO,MEM,,15,MEM@NO
401585040,2024,2023-12-26,SA,UTAH,,,UTAH@SA
401585044,2024,2023-12-27,WSH,TOR,,28,TOR@WSH
401585047,2024,2023-12-27,OKC,NY,21,,NY@OKC
401585052,2024,2023-12-28,NO,UTAH,,,UTAH@NO
401585053,2024,2023-12-28,DEN,MEM,,15,MEM@DEN
401585054,2024,2023-12-28,GS,MIA,,16,MIA@GS
401585055,2024,2023-12-28,POR,SA,25,,SA@POR
401585057,2024,2023-12-29,ORL,NY,22,,NY@ORL
401585058,2024,2023-12-29,WSH,BKN,,3,BKN@WSH
401585063,2024,2023-12-29,DEN,OKC,,21,OKC@DEN
401585065,2024,2023-12-29,POR,SA,25,,SA@POR
401585067,2024,2023-12-30,UTAH,MIA,,16,MIA@UTAH
401585069,2024,2023-12-30,IND,NY,12,,NY@IND
401585072,2024,2023-12-30,GS,DAL,,7,DAL@GS
401585073,2024,2023-12-31,WSH,ATL,,1,ATL@WSH
401585074,2024,2023-12-31,NO,LAL,,14,LAL@NO
401585076,2024,2023-12-31,SA,BOS,,2,BOS@SA
401585079,2024,2024-01-01,NY,MIN,,18,MIN@NY
401585083,2024,2024-01-01,DEN,CHA,,4,CHA@DEN
401585085,2024,2024-01-01,UTAH,DAL,,7,DAL@UTAH
401585088,2024,2024-01-02,MEM,SA,15,,SA@MEM
401585089,2024,2024-01-02,NO,BKN,,3,BKN@NO
401585091,2024,2024-01-02,GS,ORL,,22,ORL@GS
401585093,2024,2024-01-03,CLE,WSH,6,,WSH@CLE
401585096,2024,2024-01-03,NY,CHI,,5,CHI@NY
401585099,2024,2024-01-03,MIN,NO,18,,NO@MIN
401585102,2024,2024-01-03,UTAH,DET,,9,DET@UTAH
401585105,2024,2024-01-04,SA,MIL,,17,MIL@SA
401585106,2024,2024-01-04,GS,DEN,,,DEN@GS
401585107,2024,2024-01-05,BOS,UTAH,2,,UTAH@BOS
401585110,2024,2024-01-05,CLE,WSH,6,,WSH@CLE
401585111,2024,2024-01-05,PHI,NY,23,,NY@PHI
401585114,2024,2024-01-05,NO,LAC,,13,LAC@NO
401585116,2024,2024-01-05,DEN,ORL,,22,ORL@DEN
401585118,2024,2024-01-05,GS,DET,,9,DET@GS
401585122,2024,2024-01-06,WSH,NY,,,NY@WSH
401585123,2024,2024-01-06,PHI,UTAH,23,,UTAH@PHI
401585125,2024,2024-01-07,CLE,SA,6,,SA@CLE
401585128,2024,2024-01-07,SAC,NO,26,,NO@SAC
401585130,2024,2024-01-07,DEN,DET,,9,DET@DEN
401585132,2024,2024-01-07,GS,TOR,,28,TOR@GS
401585136,2024,2024-01-08,WSH,OKC,,21,OKC@WSH
401585138,2024,2024-01-08,MIL,UTAH,17,,UTAH@MIL
401585142,2024,2024-01-09,NY,POR,,25,POR@NY
401585147,2024,2024-01-10,DET,SA,9,,SA@DET
401585148,2024,2024-01-10,IND,WSH,12,,WSH@IND
401585152,2024,2024-01-10,UTAH,DEN,,,DEN@UTAH
401585153,2024,2024-01-10,GS,NO,,,NO@GS
401585158,2024,2024-01-11,DAL,NY,7,,NY@DAL
401585164,2024,2024-01-12,CHI,GS,5,,GS@CHI
401585167,2024,2024-01-12,DEN,NO,,,NO@DEN
401585168,2024,2024-01-12,UTAH,TOR,,28,TOR@UTAH
401585169,2024,2024-01-12,SA,CHA,,4,CHA@SA
401585171,2024,2024-01-13,ATL,WSH,1,,WSH@ATL
401585172,2024,2024-01-13,MEM,NY,15,,NY@MEM
401585173,2024,2024-01-13,MIL,GS,17,,GS@MIL
401585175,2024,2024-01-13,DAL,NO,7,,NO@DAL
401585176,2024,2024-01-13,SA,CHI,,5,CHI@SA
401585177,2024,2024-01-13,UTAH,LAL,,14,LAL@UTAH
401585178,2024,2024-01-14,DEN,IND,,12,IND@DEN
401585184,2024,2024-01-15,DAL,NO,7,,NO@DAL
401585185,2024,2024-01-15,NY,ORL,,22,ORL@NY
401585186,2024,2024-01-15,WSH,DET,,9,DET@WSH
401585187,2024,2024-01-15,ATL,SA,1,,SA@ATL
401585188,2024,2024-01-15,MEM,GS,15,,GS@MEM
401585192,2024,2024-01-15,UTAH,IND,,12,IND@UTAH
401585194,2024,2024-01-16,PHI,DEN,23,,DEN@PHI
401585199,2024,2024-01-17,BOS,SA,2,,SA@BOS
401585201,2024,2024-01-17,NY,HOU,,11,HOU@NY
401585203,2024,2024-01-17,NO,CHA,,4,CHA@NO
401585207,2024,2024-01-18,NY,WSH,,,WSH@NY
401585209,2024,2024-01-18,UTAH,OKC,,21,OKC@UTAH
401585212,2024,2024-01-19,CHA,SA,4,,SA@CHA
401585214,2024,2024-01-19,BOS,DEN,2,,DEN@BOS
401585216,2024,2024-01-19,NO,PHX,,24,PHX@NO
401585222,2024,2024-01-20,WSH,SA,,,SA@WSH
401585224,2024,2024-01-20,NY,TOR,,28,TOR@NY
401585226,2024,2024-01-20,HOU,UTAH,11,,UTAH@HOU
401585230,2024,2024-01-21,WSH,DEN,,,DEN@WSH
401585236,2024,2024-01-22,PHI,SA,23,,SA@PHI
401585242,2024,2024-01-23,IND,DEN,12,,DEN@IND
401585243,2024,2024-01-23,BKN,NY,3,,NY@BKN
401585244,2024,2024-01-23,NO,UTAH,,,UTAH@NO
401585248,2024,2024-01-24,WSH,MIN,,18,MIN@WSH
401585250,2024,2024-01-24,SA,OKC,,21,OKC@SA
401585254,2024,2024-01-24,GS,ATL,,1,ATL@GS
401585256,2024,2024-01-25,WSH,UTAH,,,UTAH@WSH
401585259,2024,2024-01-25,NY,DEN,,,DEN@NY
401585260,2024,2024-01-25,GS,SAC,,26,SAC@GS
401585268,2024,2024-01-26,NO,OKC,,21,OKC@NO
401585269,2024,2024-01-26,SA,POR,,25,POR@SA
401585270,2024,2024-01-27,DET,WSH,9,,WSH@DET
401585271,2024,2024-01-27,NY,MIA,,16,MIA@NY
401585272,2024,2024-01-27,DEN,PHI,,23,PHI@DEN
401585275,2024,2024-01-27,CHA,UTAH,4,,UTAH@CHA
401585276,2024,2024-01-27,MIL,NO,17,,NO@MIL
401585277,2024,2024-01-27,SA,MIN,,18,MIN@SA
401585278,2024,2024-01-27,GS,LAL,,14,LAL@GS
401585285,2024,2024-01-29,CHA,NY,4,,NY@CHA
401585287,2024,2024-01-29,BOS,NO,2,,NO@BOS
401585288,2024,2024-01-29,BKN,UTAH,3,,UTAH@BKN
401585293,2024,2024-01-29,SA,WSH,,,WSH@SA
401585295,2024,2024-01-29,DEN,MIL,,17,MIL@DEN
401585299,2024,2024-01-30,NY,UTAH,,,UTAH@NY
401585301,2024,2024-01-30,GS,PHI,,23,PHI@GS
401585304,2024,2024-01-31,WSH,LAC,,13,LAC@WSH
401585307,2024,2024-01-31,HOU,NO,11,,NO@HOU
401585309,2024,2024-01-31,SA,ORL,,22,ORL@SA
401585310,2024,2024-01-31,OKC,DEN,21,,DEN@OKC
401585313,2024,2024-02-01,NY,IND,,12,IND@NY
401585314,2024,2024-02-01,UTAH,PHI,,23,PHI@UTAH
401585317,2024,2024-02-02,WSH,MIA,,16,MIA@WSH
401585321,2024,2024-02-02,MEM,GS,15,,GS@MEM
401585324,2024,2024-02-02,SA,NO,,,NO@SA
401585325,2024,2024-02-02,DEN,POR,,25,POR@DEN
401585327,2024,2024-02-03,ATL,GS,1,,GS@ATL
401585329,2024,2024-02-03,NY,LAL,,14,LAL@NY
401585331,2024,2024-02-03,SA,CLE,,6,CLE@SA
401585333,2024,2024-02-04,WSH,PHX,,24,PHX@WSH
401585339,2024,2024-02-04,UTAH,MIL,,17,MIL@UTAH
401585340,2024,2024-02-04,DEN,POR,,25,POR@DEN
401585345,2024,2024-02-05,BKN,GS,3,,GS@BKN
401585346,2024,2024-02-05,NO,TOR,,28,TOR@NO
401585350,2024,2024-02-06,NY,MEM,,15,MEM@NY
401585352,2024,2024-02-06,UTAH,OKC,,21,OKC@UTAH
401585355,2024,2024-02-07,PHI,GS,23,,GS@PHI
401585356,2024,2024-02-07,WSH,CLE,,6,CLE@WSH
401585358,2024,2024-02-07,MIA,SA,16,,SA@MIA
401585359,2024,2024-02-07,LAC,NO,13,,NO@LAC
401585361,2024,2024-02-08,IND,GS,12,,GS@IND
401585362,2024,2024-02-08,ORL,SA,22,,SA@ORL
401585364,2024,2024-02-08,NY,DAL,,7,DAL@NY
401585367,2024,2024-02-08,PHX,UTAH,24,,UTAH@PHX
401585368,2024,2024-02-08,LAL,DEN,14,,DEN@LAL
401585371,2024,2024-02-09,BOS,WSH,2,,WSH@BOS
401585374,2024,2024-02-09,SAC,DEN,26,,DEN@SAC
401585375,2024,2024-02-09,LAL,NO,14,,NO@LAL
401585378,2024,2024-02-10,BKN,SA,3,,SA@BKN
401585381,2024,2024-02-10,WSH,PHI,,23,PHI@WSH
401585383,2024,2024-02-10,NY,IND,,12,IND@NY
401585385,2024,2024-02-10,GS,PHX,,24,PHX@GS
401585386,2024,2024-02-10,POR,NO,25,,NO@POR
401585392,2024,2024-02-12,TOR,SA,28,,SA@TOR
401585393,2024,2024-02-12,HOU,NY,11,,NY@HOU
401585394,2024,2024-02-12,MEM,NO,15,,NO@MEM
401585395,2024,2024-02-12,MIL,DEN,17,,DEN@MIL
401585396,2024,2024-02-12,DAL,WSH,7,,WSH@DAL
401585397,2024,2024-02-12,UTAH,GS,,,GS@UTAH
401585406,2024,2024-02-14,ORL,NY,22,,NY@ORL
401585412,2024,2024-02-14,NO,WSH,,,WSH@NO
401585413,2024,2024-02-14,DAL,SA,7,,SA@DAL
401585414,2024,2024-02-14,DEN,SAC,,26,SAC@DEN
401585416,2024,2024-02-14,UTAH,LAL,,14,LAL@UTAH
401585417,2024,2024-02-14,GS,LAC,,13,LAC@GS
401585422,2024,2024-02-22,PHI,NY,23,,NY@PHI
401585426,2024,2024-02-22,NO,HOU,,11,HOU@NO
401585428,2024,2024-02-22,DEN,WSH,,,WSH@DEN
401585429,2024,2024-02-22,UTAH,CHA,,4,CHA@UTAH
401585430,2024,2024-02-22,GS,LAL,,14,LAL@GS
401585431,2024,2024-02-22,SAC,SA,26,,SA@SAC
401585437,2024,2024-02-23,OKC,WSH,21,,WSH@OKC
401585438,2024,2024-02-23,NO,MIA,,16,MIA@NO
401585439,2024,2024-02-23,GS,CHA,,4,CHA@GS
401585440,2024,2024-02-23,POR,DEN,25,,DEN@POR
401585441,2024,2024-02-23,LAL,SA,14,,SA@LAL
401585444,2024,2024-02-24,NY,BOS,,2,BOS@NY
401585448,2024,2024-02-25,WSH,CLE,,6,CLE@WSH
401585451,2024,2024-02-25,NO,CHI,,5,CHI@NO
401585452,2024,2024-02-25,GS,DEN,,,DEN@GS
401585453,2024,2024-02-25,UTAH,SA,,,SA@UTAH
401585456,2024,2024-02-26,NY,DET,,9,DET@NY
401585462,2024,2024-02-27,WSH,GS,,,GS@WSH
401585463,2024,2024-02-27,ATL,UTAH,1,,UTAH@ATL
401585465,2024,2024-02-27,NY,NO,,,NO@NY
401585466,2024,2024-02-27,MIN,SA,18,,SA@MIN
401585471,2024,2024-02-28,IND,NO,12,,NO@IND
401585475,2024,2024-02-28,DEN,SAC,,26,SAC@DEN
401585478,2024,2024-02-29,ORL,UTAH,22,,UTAH@ORL
401585480,2024,2024-02-29,NY,GS,,,GS@NY
401585481,2024,2024-02-29,SA,OKC,,21,OKC@SA
401585483,2024,2024-02-29,DEN,MIA,,16,MIA@DEN
401585484,2024,2024-02-29,LAL,WSH,14,,WSH@LAL
401585488,2024,2024-03-01,TOR,GS,28,,GS@TOR
401585491,2024,2024-03-01,NO,IND,,12,IND@NO
401585493,2024,2024-03-01,LAC,WSH,13,,WSH@LAC
401585495,2024,2024-03-02,MIA,UTAH,16,,UTAH@MIA
401585497,2024,2024-03-02,LAL,DEN,14,,DEN@LAL
401585500,2024,2024-03-03,BOS,GS,2,,GS@BOS
401585504,2024,2024-03-03,CLE,NY,6,,NY@CLE
401585505,2024,2024-03-03,SA,IND,,12,IND@SA
401585510,2024,2024-03-04,UTAH,WSH,,,WSH@UTAH
401585517,2024,2024-03-05,NY,ATL,,1,ATL@NY
401585518,2024,2024-03-05,TOR,NO,28,,NO@TOR
401585519,2024,2024-03-05,HOU,SA,11,,SA@HOU
401585521,2024,2024-03-05,DEN,PHX,,24,PHX@DEN
401585522,2024,2024-03-06,WSH,ORL,,22,ORL@WSH
401585526,2024,2024-03-06,UTAH,CHI,,5,CHI@UTAH
401585527,2024,2024-03-06,GS,MIL,,17,MIL@GS
401585534,2024,2024-03-07,DEN,BOS,,2,BOS@DEN
401585535,2024,2024-03-07,GS,CHI,,5,CHI@GS
401585536,2024,2024-03-07,SAC,SA,26,,SA@SAC
401585537,2024,2024-03-08,PHI,NO,23,,NO@PHI
401585538,2024,2024-03-08,WSH,CHA,,4,CHA@WSH
401585540,2024,2024-03-08,NY,ORL,,22,ORL@NY
401585549,2024,2024-03-09,GS,SA,,,SA@GS
401585550,2024,2024-03-09,DEN,UTAH,,,UTAH@DEN
401585553,2024,2024-03-10,ATL,NO,1,,NO@ATL
401585554,2024,2024-03-10,MIA,WSH,16,,WSH@MIA
401585555,2024,2024-03-10,NY,PHI,,23,PHI@NY
401585564,2024,2024-03-11,SA,GS,,,GS@SA
401585565,2024,2024-03-11,DEN,TOR,,28,TOR@DEN
401585567,2024,2024-03-12,NY,PHI,,23,PHI@NY
401585568,2024,2024-03-12,MEM,WSH,15,,WSH@MEM
401585570,2024,2024-03-12,SA,HOU,,11,HOU@SA
401585571,2024,2024-03-12,UTAH,BOS,,2,BOS@UTAH
401585577,2024,2024-03-13,MIA,DEN,16,,DEN@MIA
401585579,2024,2024-03-13,NO,CLE,,6,CLE@NO
401585580,2024,2024-03-13,DAL,GS,7,,GS@DAL
401585585,2024,2024-03-14,HOU,WSH,11,,WSH@HOU
401585588,2024,2024-03-14,POR,NY,25,,NY@POR
401585592,2024,2024-03-15,NO,LAC,,13,LAC@NO
401585593,2024,2024-03-15,SA,DEN,,,DEN@SA
401585594,2024,2024-03-15,UTAH,ATL,,1,ATL@UTAH
401585598,2024,2024-03-16,NO,POR,,25,POR@NO
401585599,2024,2024-03-16,CHI,WSH,5,,WSH@CHI
401585601,2024,2024-03-16,LAL,GS,14,,GS@LAL
401585602,2024,2024-03-16,UTAH,MIN,,18,MIN@UTAH
401585603,2024,2024-03-16,SAC,NY,26,,NY@SAC
401585606,2024,2024-03-17,DAL,DEN,7,,DEN@DAL
401585608,2024,2024-03-17,WSH,BOS,,2,BOS@WSH
401585609,2024,2024-03-17,SA,BKN,,3,BKN@SA
401585615,2024,2024-03-18,UTAH,MIN,,18,MIN@UTAH
401585616,2024,2024-03-18,GS,NY,,,NY@GS
401585620,2024,2024-03-19,WSH,HOU,,11,HOU@WSH
401585621,2024,2024-03-19,BKN,NO,3,,NO@BKN
401585622,2024,2024-03-19,SA,DAL,,7,DAL@SA
401585623,2024,2024-03-19,MIN,DEN,18,,DEN@MIN
401585628,2024,2024-03-20,OKC,UTAH,21,,UTAH@OKC
401585629,2024,2024-03-20,GS,MEM,,15,MEM@GS
401585632,2024,2024-03-21,ORL,NO,22,,NO@ORL
401585633,2024,2024-03-21,WSH,SAC,,26,SAC@WSH
401585636,2024,2024-03-21,DAL,UTAH,7,,UTAH@DAL
401585637,2024,2024-03-21,DEN,NY,,,NY@DEN
401585641,2024,2024-03-22,MIA,NO,16,,NO@MIA
401585643,2024,2024-03-22,SA,MEM,,15,MEM@SA
401585644,2024,2024-03-22,GS,IND,,12,IND@GS
401585647,2024,2024-03-23,NY,BKN,,3,BKN@NY
401585650,2024,2024-03-23,WSH,TOR,,28,TOR@WSH
401585652,2024,2024-03-23,HOU,UTAH,11,,UTAH@HOU
401585653,2024,2024-03-23,SA,PHX,,24,PHX@SA
401585654,2024,2024-03-23,POR,DEN,25,,DEN@POR
401585655,2024,2024-03-24,DET,NO,9,,NO@DET
401585659,2024,2024-03-24,MIN,GS,18,,GS@MIN
401585663,2024,2024-03-25,NY,DET,,9,DET@NY
401585665,2024,2024-03-25,CHI,WSH,5,,WSH@CHI
401585667,2024,2024-03-25,SA,PHX,,24,PHX@SA
401585668,2024,2024-03-25,DEN,MEM,,15,MEM@DEN
401585669,2024,2024-03-25,UTAH,DAL,,7,DAL@UTAH
401585672,2024,2024-03-26,MIA,GS,16,,GS@MIA
401585674,2024,2024-03-26,NO,OKC,,21,OKC@NO
401585677,2024,2024-03-27,ORL,GS,22,,GS@ORL
401585678,2024,2024-03-27,WSH,BKN,,3,BKN@WSH
401585681,2024,2024-03-27,TOR,NY,28,,NY@TOR
401585686,2024,2024-03-27,UTAH,SA,,,SA@UTAH
401585687,2024,2024-03-27,DEN,PHX,,24,PHX@DEN
401585689,2024,2024-03-28,NO,MIL,,17,MIL@NO
401585690,2024,2024-03-29,CHA,GS,4,,GS@CHA
401585693,2024,2024-03-29,WSH,DET,,9,DET@WSH
401585698,2024,2024-03-29,SA,NY,,,NY@SA
401585699,2024,2024-03-29,DEN,MIN,,18,MIN@DEN
401585700,2024,2024-03-29,UTAH,HOU,,11,HOU@UTAH
401585702,2024,2024-03-30,NO,BOS,,2,BOS@NO
401585705,2024,2024-03-31,DEN,CLE,,6,CLE@DEN
401585709,2024,2024-03-31,WSH,MIA,,16,MIA@WSH
401585710,2024,2024-03-31,NY,OKC,,21,OKC@NY
401585713,2024,2024-03-31,SA,GS,,,GS@SA
401585714,2024,2024-03-31,SAC,UTAH,26,,UTAH@SAC
401585720,2024,2024-04-01,NO,PHX,,24,PHX@NO
401585723,2024,2024-04-02,WSH,MIL,,17,MIL@WSH
401585724,2024,2024-04-02,MIA,NY,16,,NY@MIA
401585725,2024,2024-04-05,DAL,GS,7,,GS@DAL
401585727,2024,2024-04-02,DEN,SA,,,SA@DEN
401585728,2024,2024-04-02,UTAH,CLE,,6,CLE@UTAH
401585731,2024,2024-04-03,WSH,LAL,,14,LAL@WSH
401585737,2024,2024-04-03,NO,ORL,,22,ORL@NO
401585740,2024,2024-04-04,NY,SAC,,26,SAC@NY
401585741,2024,2024-04-04,HOU,GS,11,,GS@HOU
401585742,2024,2024-04-04,LAC,DEN,13,,DEN@LAC
401585745,2024,2024-04-05,WSH,POR,,25,POR@WSH
401585747,2024,2024-04-05,CHI,NY,5,,NY@CHI
401585751,2024,2024-04-05,NO,SA,,,SA@NO
401585754,2024,2024-04-05,LAC,UTAH,13,,UTAH@LAC
401585758,2024,2024-04-06,DEN,ATL,,1,ATL@DEN
401585765,2024,2024-04-07,TOR,WSH,28,,WSH@TOR
401585766,2024,2024-04-07,PHX,NO,24,,NO@PHX
401585767,2024,2024-04-07,MIL,NY,17,,NY@MIL
401585768,2024,2024-04-07,SA,PHI,,23,PHI@SA
401585770,2024,2024-04-07,GS,UTAH,,,UTAH@GS
401585777,2024,2024-04-09,CHI,NY,5,,NY@CHI
401585779,2024,2024-04-09,MEM,SA,15,,SA@MEM
401585780,2024,2024-04-09,MIN,WSH,18,,WSH@MIN
401585782,2024,2024-04-09,UTAH,DEN,,,DEN@UTAH
401585783,2024,2024-04-09,LAL,GS,14,,GS@LAL
401585785,2024,2024-04-09,POR,NO,25,,NO@POR
401585791,2024,2024-04-10,OKC,SA,21,,SA@OKC
401585792,2024,2024-04-10,DEN,MIN,,18,MIN@DEN
401585795,2024,2024-04-11,BOS,NY,2,,NY@BOS
401585796,2024,2024-04-11,UTAH,HOU,,11,HOU@UTAH
401585797,2024,2024-04-11,POR,GS,25,,GS@POR
401585798,2024,2024-04-11,SAC,NO,26,,NO@SAC
401585800,2024,2024-04-12,WSH,CHI,,5,CHI@WSH
401585803,2024,2024-04-12,NY,BKN,,3,BKN@NY
401585808,2024,2024-04-12,SA,DEN,,,DEN@SA
401585810,2024,2024-04-12,GS,NO,,,NO@GS
401585812,2024,2024-04-12,LAC,UTAH,13,,UTAH@LAC
401585814,2024,2024-04-14,BOS,WSH,2,,WSH@BOS
401585818,2024,2024-04-14,NY,CHI,,5,CHI@NY
401585821,2024,2024-04-14,MEM,DEN,15,,DEN@MEM
401585823,2024,2024-04-14,NO,LAL,,14,LAL@NO
401585825,2024,2024-04-14,SA,DET,,9,DET@SA
401585826,2024,2024-04-14,GS,UTAH,,,UTAH@GS
401607489,2024,2023-12-05,MIL,NY,17,,NY@MIL
401607492,2024,2023-12-04,SAC,NO,26,,NO@SAC
401607493,2024,2023-12-07,LAL,NO,14,,NO@LAL
401616462,2024,2023-12-06,WSH,PHI,,23,PHI@WSH
401616464,2024,2023-12-06,MIN,SA,18,,SA@MIN
401616467,2024,2023-12-06,DAL,UTAH,7,,UTAH@DAL
401616468,2024,2023-12-06,GS,POR,,25,POR@GS
401616469,2024,2023-12-06,LAC,DEN,13,,DEN@LAC
401616473,2024,2023-12-08,BKN,WSH,3,,WSH@BKN
401616476,2024,2023-12-08,OKC,GS,21,,GS@OKC
401616477,2024,2023-12-08,SA,CHI,,5,CHI@SA
401616478,2024,2023-12-08,DEN,HOU,,11,HOU@DEN
401616479,2024,2023-12-08,UTAH,LAC,,13,LAC@UTAH
401617579,2024,2023-12-08,BOS,NY,2,,NY@BOS
401623259,2024,2024-02-18,EAST,WEST,,,WEST@EAST
401636113,2024,2024-02-15,UTAH,GS,,,GS@UTAH
401636114,2024,2024-04-02,GS,DAL,,7,DAL@GS
401809994,2026,2025-10-30,MIL,GS,17,,GS@MIL
401809995,2026,2025-10-30,OKC,WSH,21,,WSH@OKC
401809996,2026,2025-10-30,SA,MIA,,16,MIA@SA
401809999,2026,2025-11-01,IND,GS,12,,GS@IND
401810000,2026,2025-11-01,WSH,ORL,,22,ORL@WSH
401810003,2026,2025-11-02,OKC,NO,21,,NO@OKC
401810005,2026,2025-11-02,CHA,UTAH,4,,UTAH@CHA
401810008,2026,2025-11-02,NY,CHI,,5,CHI@NY
401810009,2026,2025-11-02,PHX,SA,24,,SA@PHX
401810089,2026,2025-11-16,SA,SAC,,26,SAC@SA
401810090,2026,2025-11-16,WSH,BKN,,3,BKN@WSH
401810092,2026,2025-11-16,NO,GS,,,GS@NO
401810095,2026,2025-11-16,UTAH,CHI,,5,CHI@UTAH
